Disease	Disease_id	Variant	Gene	Gene_id	N_diseases_v	DSI_v	DPI_v	Chr	Position	Consequence	Alleles	Class	AF_EXOME	AF_GENOME	Alt_Ref_Genome	Alt_Ref_Exome	Score_vda	EI_vda	N_PMIDs	First_Ref	Last_Ref
Parkinson Disease	C0030567	rs10256359	LOC105375186	105375186	1	1.0	0.04	7	23084258	intergenic variant	C/T	snv		0.467314	C/T		0.7	1.0	1	2016	2016
Parkinson Disease	C0030567	rs10445337	MAPT	4137	3	0.925	0.12	17	45990034	missense variant	T/C	snv	0.145698	0.145106	T/C	T/C	0.7	1.0	1	2012	2012
Parkinson Disease	C0030567	rs10445338	MAPT	4137	2	1.0	0.04	17	45990316	intron variant	G/A	snv		0.145265	G/A		0.7	1.0	1	2012	2012
Parkinson Disease	C0030567	rs10445364	MAPT-AS1	100128977	2	1.0	0.04	17	45838990	intron variant	G/A;C	snv					0.7	1.0	1	2012	2012
Parkinson Disease	C0030567	rs10463554	PAM	5066	1	1.0	0.04	5	102983270	intron variant	T/A;C	snv					0.7	1.0	1	2017	2017
Parkinson Disease	C0030567	rs10506095			1	1.0	0.04	12	32647193	downstream gene variant	C/T	snv		0.044102	C/T		0.7	1.0	1	2014	2014
Parkinson Disease	C0030567	rs10513789	MCCC1	56922	1	1.0	0.04	3	183042285	intron variant	T/G	snv		0.21906	T/G		0.8	1.0	1	2011	2011
Parkinson Disease	C0030567	rs10516839	LOC105377329	105377329	1	1.0	0.04	4	89587189	intron variant	T/G	snv		0.16534	T/G		0.7	1.0	1	2011	2011
Parkinson Disease	C0030567	rs10516845	SNCA	6622	1	1.0	0.04	4	89763127	intron variant	A/G;T	snv					0.7	1.0	1	2011	2011
Parkinson Disease	C0030567	rs10518765	UNC13C	440279	3	1.0	0.04	15	54388434	intron variant	A/C	snv		0.159412	A/C		0.7	1.0	1	2006	2006
Parkinson Disease	C0030567	rs10519131	LOC107984782	107984782	1	1.0	0.04	15	61708933	intron variant	A/C;T	snv					0.8	1.0	1	2012	2012
Parkinson Disease	C0030567	rs1052551	MAPT	4137	1	1.0	0.04	17	45991558	synonymous variant	G/A;T	snv	0.144922;7.95988e-05			G/A;G/T	0.7	1.0	1	2012	2012
Parkinson Disease	C0030567	rs1052553	MAPT	4137	3	0.827	0.2	17	45996523	synonymous variant	A/G	snv	0.144641	0.146216	A/G	A/G	0.73	0.75	1	2010	2012
Parkinson Disease	C0030567	rs1052587	MAPT	4137	3	0.925	0.12	17	46025238	3 prime UTR variant	T/C	snv		0.143164	T/C		0.7	1.0	1	2012	2012
Parkinson Disease	C0030567	rs10737170	LMNA	4000	1	1.0	0.04	1	156094089	intron variant	C/A	snv		0.898063	C/A		0.7	1.0	1	2014	2014
Parkinson Disease	C0030567	rs10746953			1	0.925	0.04	9	74302924	regulatory region variant	C/T	snv		0.436478	C/T		0.7	1.0	1	2016	2016
Parkinson Disease	C0030567	rs10767971			1	1.0	0.04	11	32874118	regulatory region variant	T/C	snv		0.644049	T/C		0.7	1.0	1	2009	2009
Parkinson Disease	C0030567	rs1078268	STH;MAPT	246744;4137	3	0.925	0.12	17	45998535	intron variant	A/G	snv		0.14504	A/G		0.7	1.0	1	2012	2012
Parkinson Disease	C0030567	rs10788972	TCEANC2	127428	1	0.925	0.04	1	54106570	intron variant	C/A	snv		0.565915	C/A		0.72	1.0	1	2015	2015
Parkinson Disease	C0030567	rs10797576	SIPA1L2	57568	1	1.0	0.04	1	232528865	intron variant	C/T	snv		0.119789	C/T		0.73	1.0	2	2014	2018
Parkinson Disease	C0030567	rs10847864	HIP1R	9026	1	1.0	0.04	12	122842051	intron variant	G/A;C;T	snv					0.7	1.0	1	2012	2012
Parkinson Disease	C0030567	rs10877840	SLC2A13	114134	1	1.0	0.04	12	39959194	intron variant	T/C	snv		0.193391	T/C		0.8	1.0	1	2012	2012
Parkinson Disease	C0030567	rs10906923	ITGA8	8516	1	1.0	0.04	10	15527599	intron variant	C/A;T	snv					0.7	1.0	1	2017	2017
Parkinson Disease	C0030567	rs10929159	AGAP1	116987	1	1.0	0.04	2	236024319	intron variant	T/G	snv		0.653325	T/G		0.7	1.0	1	2017	2017
Parkinson Disease	C0030567	rs10963676	ADAMTSL1	92949	1	1.0	0.04	9	18622045	intron variant	T/C;G	snv					0.7	1.0	1	2006	2006
Parkinson Disease	C0030567	rs11012	PLEKHM1	9842	2	1.0	0.04	17	45436075	3 prime UTR variant	C/T	snv	0.129865	0.130468	C/T	C/T	0.8	1.0	4	2009	2012
Parkinson Disease	C0030567	rs11060180	CCDC62	84660	1	1.0	0.04	12	122819039	intron variant	A/G	snv		0.338615	A/G		0.7	1.0	3	2014	2017
Parkinson Disease	C0030567	rs11158026	GCH1	2643	1	1.0	0.04	14	54882151	intron variant	C/A;G;T	snv					0.73	1.0	3	2014	2018
Parkinson Disease	C0030567	rs11186	COL5A2	1290	1	0.925	0.04	2	189032668	3 prime UTR variant	A/C	snv		0.0938631	A/C		0.7	1.0	1	2016	2016
Parkinson Disease	C0030567	rs11191425	BORCS7-ASMT	100528007	1	1.0	0.04	10	102866213	intron variant	C/T	snv		0.0997038	C/T		0.7	1.0	1	2009	2009
Parkinson Disease	C0030567	rs11209290			1	1.0	0.04	1	68405344	intergenic variant	G/A	snv		0.0668488	G/A		0.7	1.0	1	2011	2011
Parkinson Disease	C0030567	rs112384084	TNK2	10188	1	1.0	0.04	3	195867623	missense variant	C/T	snv	0.0139305	0.0113749	C/T	C/T	0.7		0		
Parkinson Disease	C0030567	rs11240572	LOC107985250;PM20D1	107985250;148811	1	1.0	0.04	1	205838885	intron variant	C/A;T	snv					0.73	1.0	2	2009	2016
Parkinson Disease	C0030567	rs11248051	GAK	2580	2	1.0	0.04	4	864544	intron variant	C/G;T	snv					0.82	1.0	1	2010	2014
Parkinson Disease	C0030567	rs11248060	DGKQ	1609	1	1.0	0.04	4	970571	intron variant	C/T	snv		0.0931075	C/T		0.81	1.0	2	2012	2013
Parkinson Disease	C0030567	rs11343	LOC105371114;SYT17	105371114;51760	1	1.0	0.04	16	19268142	3 prime UTR variant	T/C;G	snv					0.71	1.0	2	2016	2019
Parkinson Disease	C0030567	rs11564273	LRRK2-DT;LINC02471;LRRK2	107984474;105369734;120892	1	1.0	0.04	12	40204350	intron variant	T/G	snv		0.0651467	T/G		0.7	1.0	1	2012	2012
Parkinson Disease	C0030567	rs11711441	MCCC1	56922	1	1.0	0.04	3	183103487	intron variant	G/A	snv		0.117908	G/A		0.81	1.0	3	2011	2013
Parkinson Disease	C0030567	rs11724635	BST1	683	1	0.925	0.08	4	15735478	intron variant	C/A;G	snv		0.429039	C/A		0.88	0.846153846153846	5	2011	2019
Parkinson Disease	C0030567	rs11724804	DGKQ	1609	4	0.882	0.16	4	971991	intron variant	G/A	snv		0.430659	G/A		0.7	1.0	1	2011	2011
Parkinson Disease	C0030567	rs117267308	TPM1	7168	1	1.0	0.04	15	63054177	intron variant	T/A	snv		0.0102744	T/A		0.7	1.0	1	2016	2016
Parkinson Disease	C0030567	rs117896735	INPP5F	22876	1	1.0	0.04	10	119776815	intron variant	G/A	snv		0.00935363	G/A		0.7	1.0	2	2014	2017
Parkinson Disease	C0030567	rs11865038	ZNF646;PRSS53	9726;339105	1	1.0	0.04	16	31083850	3 prime UTR variant	C/T	snv	0.418768	0.456646	C/T	C/T	0.8	1.0	1	2012	2012
Parkinson Disease	C0030567	rs11868035	RAI1;SREBF1	10743;6720	1	0.763	0.2	17	17811787	splice region variant	G/A	snv	0.453172	0.326478	G/A	G/A	0.84	0.5	1	2011	2019
Parkinson Disease	C0030567	rs11931074	SNCA;LOC105377329	6622;105377329	1	0.851	0.08	4	89718364	intron variant	G/A;C;T	snv					0.9	1.0	4	2009	2020
Parkinson Disease	C0030567	rs11931532	BST1	683	1	1.0	0.04	4	15724143	intron variant	T/C	snv		0.132026	T/C		0.73	0.5	1	2012	2019
Parkinson Disease	C0030567	rs12063142			1	1.0	0.04	1	18813023	intergenic variant	C/T	snv		0.282663	C/T		0.8	1.0	1	2010	2010
Parkinson Disease	C0030567	rs12069733			2	1.0	0.04	1	43475837	TF binding site variant	G/A	snv		0.367656	G/A		0.7	1.0	1	2006	2006
Parkinson Disease	C0030567	rs12150390	MAPT-AS1;LINC02210-CRHR1;CRHR1	100128977;104909134;1394	1	1.0	0.04	17	45818862	intron variant	T/C	snv		0.14339	T/C		0.7	1.0	1	2012	2012
Parkinson Disease	C0030567	rs12185233	SPPL2C;MAPT-AS1	162540;100128977	4	0.882	0.16	17	45846288	missense variant	G/A;C	snv	9.5454e-05;0.145265			G/A;G/C	0.7	1.0	1	2012	2012
Parkinson Disease	C0030567	rs12185235	MAPT-AS1;SPPL2C	100128977;162540	3	0.925	0.12	17	45846337	synonymous variant	C/T	snv	0.144939	0.143179	C/T	C/T	0.7	1.0	1	2012	2012
Parkinson Disease	C0030567	rs12185268	MAPT-AS1;SPPL2C	100128977;162540	4	0.851	0.16	17	45846317	missense variant	A/G	snv	0.145232	0.143524	A/G	A/G	0.81	1.0	3	2011	2019
Parkinson Disease	C0030567	rs12364577	LOC440040	440040	1	1.0	0.04	11	49685809	intron variant	A/C	snv		0.34921	A/C		0.7	1.0	1	2006	2006
Parkinson Disease	C0030567	rs12373123	SPPL2C;MAPT-AS1	162540;100128977	4	0.882	0.16	17	45846707	missense variant	T/C	snv	0.145247	0.143543	T/C	T/C	0.7	1.0	1	2012	2012
Parkinson Disease	C0030567	rs12373139	MAPT-AS1;SPPL2C	100128977;162540	4	0.925	0.12	17	45846764	missense variant	G/A	snv	0.145202	0.143211	G/A	G/A	0.7	1.0	3	2009	2012
Parkinson Disease	C0030567	rs12373142	SPPL2C;MAPT-AS1	162540;100128977	5	0.851	0.2	17	45846834	missense variant	C/G;T	snv	0.145036			C/G	0.7	1.0	1	2012	2012
Parkinson Disease	C0030567	rs12411886	CNNM2	54805	3	0.882	0.08	10	102925542	intron variant	C/A	snv		0.0783453	C/A		0.7	1.0	1	2009	2009
Parkinson Disease	C0030567	rs12413409	CNNM2	54805	6	0.79	0.2	10	102959339	intron variant	G/A	snv		0.090195	G/A		0.7	1.0	1	2009	2009
Parkinson Disease	C0030567	rs12456492	RIT2	6014	1	0.882	0.08	18	43093415	intron variant	A/G	snv		0.32766	A/G		0.89	0.909090909090909	3	2012	2020
Parkinson Disease	C0030567	rs12497850	IP6K2	51447	1	1.0	0.04	3	48711556	intron variant	G/T	snv		0.623167	G/T		0.7	1.0	1	2017	2017
Parkinson Disease	C0030567	rs12637471	MCCC1	56922	1	0.925	0.08	3	183044649	intron variant	G/A	snv		0.242174	G/A		0.73	1.0	2	2014	2019
Parkinson Disease	C0030567	rs12638619	MCCC1	56922	1	1.0	0.04	3	183081454	intron variant	C/T	snv		0.165163	C/T		0.7	1.0	1	2011	2011
Parkinson Disease	C0030567	rs12644119	LOC105377329	105377329	1	1.0	0.04	4	89682268	intron variant	C/A	snv		0.173939	C/A		0.7	1.0	2	2009	2012
Parkinson Disease	C0030567	rs12645693	BST1	683	1	1.0	0.04	4	15727911	intron variant	G/A	snv		0.08112	G/A		0.71	0.5	1	2012	2012
Parkinson Disease	C0030567	rs12726330	SLC50A1	55974	1	1.0	0.04	1	155135691	splice region variant	G/A;C	snv	0.0114494;3.39946e-05			G/A;G/C	0.8	1.0	1	2012	2012
Parkinson Disease	C0030567	rs12817488	CCDC62	84660	2	1.0	0.04	12	122811747	intron variant	G/A	snv		0.393518	G/A		0.85	0.857142857142857	2	2011	2016
Parkinson Disease	C0030567	rs12921479	TRAPPC2L;PABPN1L	51693;390748	1	1.0	0.04	16	88862799	downstream gene variant	T/C	snv		0.389616	T/C		0.7	1.0	1	2015	2015
Parkinson Disease	C0030567	rs12938476	LOC107985028;LINC02210-CRHR1	107985028;104909134	1	1.0	0.04	17	45735531	intron variant	T/C	snv		0.395154	T/C		0.7	1.0	1	2011	2011
Parkinson Disease	C0030567	rs1296028			1	1.0	0.04	8	11841238	downstream gene variant	A/G	snv		0.197714	A/G		0.8	1.0	1	2012	2012
Parkinson Disease	C0030567	rs13016703			1	1.0	0.04	2	168299085	intergenic variant	T/G	snv		0.176379	T/G		0.7	1.0	1	2016	2016
Parkinson Disease	C0030567	rs13153459	LINC02224	102723839	1	0.925	0.04	5	44515833	intron variant	A/C;T	snv					0.7	1.0	1	2016	2016
Parkinson Disease	C0030567	rs13227860			2	1.0	0.04	7	22114836	downstream gene variant	G/A	snv		0.262369	G/A		0.7	1.0	1	2006	2006
Parkinson Disease	C0030567	rs13294100	SH3GL2	6456	1	1.0	0.04	9	17579692	intron variant	T/G	snv		0.506038	T/G		0.7	1.0	1	2017	2017
Parkinson Disease	C0030567	rs1362858	LOC105372063	105372063	1	0.925	0.04	18	35406636	upstream gene variant	C/A	snv		0.707354	C/A		0.7	1.0	1	2016	2016
Parkinson Disease	C0030567	rs1372519	SNCA-AS1;SNCA	644248;6622	1	1.0	0.04	4	89836158	5 prime UTR variant	A/G	snv		0.771625	A/G		0.7	1.0	1	2011	2011
Parkinson Disease	C0030567	rs1372520	SNCA;SNCA-AS1	6622;644248	1	1.0	0.04	4	89836354	intron variant	T/C	snv		0.775133	T/C		0.7	1.0	1	2011	2011
Parkinson Disease	C0030567	rs1384236	SLC2A13	114134	1	1.0	0.04	12	40064582	intron variant	C/T	snv		0.950802	C/T		0.7	1.0	1	2017	2017
Parkinson Disease	C0030567	rs1396862	LINC02210-CRHR1;CRHR1;MAPT-AS1	104909134;1394;100128977	2	1.0	0.04	17	45825631	non coding transcript exon variant	G/A	snv		0.14339	G/A		0.7	1.0	1	2012	2012
Parkinson Disease	C0030567	rs141863958	KCNIP4	80333	1	1.0	0.04	4	21291814	intron variant	G/A	snv		0.0139372	G/A		0.7	1.0	1	2015	2015
Parkinson Disease	C0030567	rs14235	BCKDK	10295	1	1.0	0.04	16	31110472	synonymous variant	G/A	snv	0.391484	0.306543	G/A	G/A	0.72	1.0	2	2014	2019
Parkinson Disease	C0030567	rs143918452	ITIH1	3697	1	1.0	0.04	3	52782824	intron variant	G/A	snv		0.00497819	G/A		0.7	1.0	1	2017	2017
Parkinson Disease	C0030567	rs144074972	CA8	767	1	1.0	0.04	8	60251336	intron variant	T/C	snv		0.000167434	T/C		0.7	1.0	1	2016	2016
Parkinson Disease	C0030567	rs1442190	CNTN1	1272	1	1.0	0.04	12	40971838	3 prime UTR variant	G/A	snv		0.0682737	G/A		0.8	1.0	1	2014	2014
Parkinson Disease	C0030567	rs144847051			1	1.0	0.04	12	33148871	intergenic variant	G/A	snv		0.000965977	G/A		0.7	1.0	1	2016	2016
Parkinson Disease	C0030567	rs1468375			1	1.0	0.04	7	145337519	intergenic variant	C/A;T	snv					0.7	1.0	1	2006	2006
Parkinson Disease	C0030567	rs1474055	LOC107985959	107985959	1	1.0	0.04	2	168253884	regulatory region variant	C/T	snv		0.146084	C/T		0.7	1.0	2	2014	2017
Parkinson Disease	C0030567	rs148294058	LINC02451	105369738	1	1.0	0.04	12	42655580	intron variant	G/A;C;T	snv					0.7	1.0	1	2016	2016
Parkinson Disease	C0030567	rs1491942	LRRK2	120892	1	1.0	0.04	12	40227006	intron variant	C/G	snv		0.225122	C/G		0.8	1.0	4	2011	2014
Parkinson Disease	C0030567	rs1504212			1	1.0	0.04	5	53824125	upstream gene variant	C/A	snv		0.507483	C/A		0.7	1.0	1	2006	2006
Parkinson Disease	C0030567	rs1526123	LINC02210-CRHR1	104909134	2	1.0	0.04	17	45705974	intron variant	T/C	snv		0.551622	T/C		0.7	1.0	2	2009	2012
Parkinson Disease	C0030567	rs1536076	SH3GL2	6456	1	1.0	0.04	9	17731923	intron variant	T/G	snv		0.192226	T/G		0.8	1.0	1	2012	2012
Parkinson Disease	C0030567	rs1555399	TMEM229B;GPHN	161145;10243	1	1.0	0.04	14	67517653	intron variant	T/A	snv		0.413623	T/A		0.7	1.0	2	2014	2017
Parkinson Disease	C0030567	rs1564282	GAK	2580	2	1.0	0.04	4	858525	intron variant	C/T	snv		0.0811577	C/T		0.87	0.888888888888889	3	2009	2015
Parkinson Disease	C0030567	rs162227	NDUFAF2	91942	1	1.0	0.04	5	60964716	intron variant	C/G;T	snv					0.7	1.0	1	2016	2016
Parkinson Disease	C0030567	rs1630500			1	1.0	0.04	1	154882579	intergenic variant	G/A	snv		0.0502161	G/A		0.8	1.0	1	2014	2014
Parkinson Disease	C0030567	rs1635291	LINC02210-CRHR1	104909134	2	1.0	0.04	17	45674547	intron variant	G/A	snv		0.693449	G/A		0.7	1.0	1	2011	2011
Parkinson Disease	C0030567	rs168552	LOC105377329;SNCA	105377329;6622	1	1.0	0.04	4	89721993	intron variant	C/T	snv		0.802686	C/T		0.7	1.0	1	2011	2011
Parkinson Disease	C0030567	rs16856139	SLC45A3	85414	2	1.0	0.04	1	205669336	intron variant	C/G;T	snv					0.71	1.0	1	2011	2012
Parkinson Disease	C0030567	rs169201	NSF;LRRC37A2	4905;474170	3	0.925	0.16	17	46712837	intron variant	A/G	snv		0.133742	A/G		0.7	1.0	3	2009	2012
Parkinson Disease	C0030567	rs16938508	KCNB2	9312	1	1.0	0.04	8	72938577	downstream gene variant	A/G	snv		0.120614	A/G		0.7	1.0	1	2011	2011
Parkinson Disease	C0030567	rs16940665	MAPT-AS1;LINC02210-CRHR1;CRHR1	100128977;104909134;1394	2	1.0	0.04	17	45830530	stop lost	T/C	snv	0.145206	0.143349	T/C	T/C	0.7	1.0	2	2011	2012
Parkinson Disease	C0030567	rs16940668	LINC02210-CRHR1;CRHR1;MAPT-AS1	104909134;1394;100128977	1	1.0	0.04	17	45830600	non coding transcript exon variant	G/A	snv	0.147804	0.143267	G/A	G/A	0.7	1.0	1	2011	2011
Parkinson Disease	C0030567	rs16940674	LINC02210-CRHR1;MAPT-AS1;CRHR1	104909134;100128977;1394	2	1.0	0.04	17	45833141	missense variant	C/T	snv	0.145395	0.143134	C/T	C/T	0.7	1.0	1	2011	2011
Parkinson Disease	C0030567	rs16940676	MAPT-AS1;LINC02210-CRHR1;CRHR1	100128977;104909134;1394	1	1.0	0.04	17	45833670	intron variant	G/A	snv	0.144282	0.143116	G/A	G/A	0.7	1.0	1	2011	2011
Parkinson Disease	C0030567	rs16940677	MAPT-AS1;CRHR1;LINC02210-CRHR1	100128977;1394;104909134	1	1.0	0.04	17	45834532	intron variant	C/T	snv		0.144865	C/T		0.7	1.0	1	2014	2014
Parkinson Disease	C0030567	rs17115100	WBP1L;CYP17A1-AS1;CYP17A1	54838;102724307;1586	1	1.0	0.04	10	102831636	3 prime UTR variant	G/T	snv	0.142545	0.101501	G/T	G/T	0.8	1.0	1	2009	2009
Parkinson Disease	C0030567	rs17334797	LINC02210-CRHR1	104909134	2	1.0	0.04	17	45748546	intron variant	A/G	snv		0.151199	A/G		0.7	1.0	1	2012	2012
Parkinson Disease	C0030567	rs17425622	HLA-DRB1	3123	1	1.0	0.04	6	32604184	intergenic variant	T/C	snv		0.132855	T/C		0.7	1.0	1	2016	2016
Parkinson Disease	C0030567	rs17425752	MAPT-AS1;CRHR1;LINC02210-CRHR1	100128977;1394;104909134	1	1.0	0.04	17	45829360	splice region variant	A/C	snv	0.146539	0.143043	A/C	A/C	0.7	1.0	1	2011	2011
Parkinson Disease	C0030567	rs17426064	LINC02210-CRHR1	104909134	2	1.0	0.04	17	45751332	intron variant	C/T	snv		0.15071	C/T		0.7	1.0	1	2012	2012
Parkinson Disease	C0030567	rs17497526	LOC105378347;COL13A1	105378347;1305	1	1.0	0.04	10	69820364	intron variant	T/C	snv		0.0600215	T/C		0.8	1.0	1	2013	2013
Parkinson Disease	C0030567	rs17563986	MAPT	4137	4	1.0	0.04	17	45913906	intron variant	A/G	snv		0.143276	A/G		0.7	1.0	4	2009	2014
Parkinson Disease	C0030567	rs17564983	LOC105371800;MAPT	105371800;4137	2	1.0	0.04	17	45934459	intron variant	A/C	snv		0.143428	A/C		0.7	1.0	1	2011	2011
Parkinson Disease	C0030567	rs17573175	MAPT	4137	2	1.0	0.04	17	45993723	intron variant	C/G;T	snv					0.7	1.0	1	2012	2012
Parkinson Disease	C0030567	rs17574228	KANSL1;MAPT	284058;4137	3	0.925	0.12	17	46027143	3 prime UTR variant	T/C	snv		0.143133	T/C		0.7	1.0	1	2012	2012
Parkinson Disease	C0030567	rs17574361	KANSL1	284058	2	1.0	0.04	17	46030836	3 prime UTR variant	A/G	snv		0.143054	A/G		0.7	1.0	1	2012	2012
Parkinson Disease	C0030567	rs17574604	KANSL1	284058	3	0.925	0.12	17	46034247	synonymous variant	A/G	snv	0.145076	0.14317	A/G	A/G	0.7	1.0	1	2012	2012
Parkinson Disease	C0030567	rs17577094	KANSL1	284058	3	0.925	0.12	17	46110126	intron variant	A/G	snv		0.142461	A/G		0.8	1.0	1	2014	2014
Parkinson Disease	C0030567	rs17649553	MAPT	4137	3	0.882	0.16	17	45917282	intron variant	C/T	snv		0.143528	C/T		0.72	1.0	2	2014	2019
Parkinson Disease	C0030567	rs17650901	MAPT	4137	3	0.925	0.12	17	45962325	5 prime UTR variant	A/G	snv	0.144635	0.143191	A/G	A/G	0.7	1.0	1	2012	2012
Parkinson Disease	C0030567	rs17651549	MAPT	4137	4	0.882	0.16	17	45983912	missense variant	C/T	snv	0.146948	0.141983	C/T	C/T	0.7	1.0	1	2012	2012
Parkinson Disease	C0030567	rs17652121	MAPT	4137	3	0.925	0.12	17	45996607	synonymous variant	T/C	snv	0.144967	0.145347	T/C	T/C	0.7	1.0	1	2012	2012
Parkinson Disease	C0030567	rs17690703	MAPT-AS1	100128977	4	0.882	0.16	17	45847931	intron variant	C/T	snv		0.176076	C/T		0.7	1.0	3	2009	2012
Parkinson Disease	C0030567	rs17691610	MAPT;MAPT-AS1	4137;100128977	2	1.0	0.04	17	45893296	intron variant	G/T	snv		0.143447	G/T		0.7	1.0	1	2012	2012
Parkinson Disease	C0030567	rs17763086	MAPT-AS1;CRHR1;LINC02210-CRHR1	100128977;1394;104909134	2	1.0	0.04	17	45828115	intron variant	T/G	snv		0.144276	T/G		0.7	1.0	1	2012	2012
Parkinson Disease	C0030567	rs17763596	SPPL2C;MAPT-AS1	162540;100128977	3	0.925	0.12	17	45843844	non coding transcript exon variant	G/T	snv		0.143398	G/T		0.7	1.0	1	2012	2012
Parkinson Disease	C0030567	rs17767294	ZSCAN16-AS1;ZNF165	100129195;7718	1	1.0	0.04	6	28086420	intron variant	A/G	snv		0.0860133	A/G		0.7	1.0	1	2017	2017
Parkinson Disease	C0030567	rs17770343	MAPT-AS1;MAPT	100128977;4137	2	1.0	0.04	17	45892788	intron variant	T/C	snv		0.143552	T/C		0.7	1.0	1	2012	2012
Parkinson Disease	C0030567	rs1800547	MAPT	4137	3	0.925	0.12	17	45974480	non coding transcript exon variant	A/G	snv	0.145552	0.144636	A/G	A/G	0.72	1.0	2	2008	2012
Parkinson Disease	C0030567	rs181489	LOC105377329;SNCA	105377329;6622	1	1.0	0.04	4	89713869	intron variant	T/A;C	snv					0.71	1.0	2	2011	2015
Parkinson Disease	C0030567	rs183211	LRRC37A2;NSF	474170;4905	4	0.882	0.16	17	46710944	intron variant	G/A	snv	0.277846	0.298967	G/A	G/A	0.8	1.0	4	2009	2012
Parkinson Disease	C0030567	rs1864325	MAPT	4137	6	0.882	0.16	17	45900461	intron variant	C/T	snv		0.143347	C/T		0.7	1.0	1	2011	2011
Parkinson Disease	C0030567	rs1876828	CRHR1;LINC02210-CRHR1;MAPT-AS1	1394;104909134;100128977	1	0.851	0.16	17	45834159	intron variant	C/T	snv		0.143362	C/T		0.7	1.0	2	2011	2012
Parkinson Disease	C0030567	rs1876829	LINC02210-CRHR1;MAPT-AS1;CRHR1	104909134;100128977;1394	3	1.0	0.04	17	45834077	intron variant	T/C	snv	0.145284	0.143388	T/C	T/C	0.7	1.0	1	2011	2011
Parkinson Disease	C0030567	rs1876830	MAPT-AS1;CRHR1;LINC02210-CRHR1	100128977;1394;104909134	1	1.0	0.04	17	45833986	intron variant	C/T	snv	0.145422	0.143334	C/T	C/T	0.7	1.0	1	2011	2011
Parkinson Disease	C0030567	rs1879553			1	0.925	0.04	3	118896616	downstream gene variant	A/G	snv		0.0731104	A/G		0.7	1.0	1	2016	2016
Parkinson Disease	C0030567	rs188789342			1	1.0	0.04	10	119612816	intergenic variant	C/T	snv		0.0127463	C/T		0.7	1.0	1	2016	2016
Parkinson Disease	C0030567	rs1912151	LINC02210-CRHR1;MAPT-AS1;CRHR1	104909134;100128977;1394	2	1.0	0.04	17	45825578	splice region variant	C/T	snv	0.252232	0.143406	C/T	C/T	0.7	1.0	1	2012	2012
Parkinson Disease	C0030567	rs1981997	MAPT	4137	3	1.0	0.04	17	45979401	non coding transcript exon variant	G/A	snv		0.144681	G/A		0.7	1.0	3	2009	2012
Parkinson Disease	C0030567	rs1991556	MAPT	4137	4	1.0	0.04	17	46006036	intron variant	G/A	snv		0.14313	G/A		0.7	1.0	1	2011	2011
Parkinson Disease	C0030567	rs199347	GPNMB	10457	1	1.0	0.04	7	23254127	intron variant	A/G	snv	0.416329	0.541481	A/G	A/G	0.72	1.0	2	2014	2019
Parkinson Disease	C0030567	rs1994090	SLC2A13	114134	2	1.0	0.04	12	40034759	intron variant	G/A;T	snv					0.81	1.0	3	2009	2016
Parkinson Disease	C0030567	rs199498	WNT3;LRRC37A2	7473;474170	2	0.925	0.12	17	46788237	intron variant	T/C;G	snv					0.8	1.0	1	2014	2014
Parkinson Disease	C0030567	rs199515	WNT3;LRRC37A2	7473;474170	3	0.925	0.12	17	46779275	intron variant	G/C	snv		0.838984	G/C		0.8	1.0	1	2012	2012
Parkinson Disease	C0030567	rs199533	NSF;LRRC37A2	4905;474170	4	0.925	0.12	17	46751565	synonymous variant	G/A	snv	0.134891	0.133741	G/A	G/A	0.8	1.0	4	2009	2012
Parkinson Disease	C0030567	rs2046932	LRRK2-DT;LINC02471	107984474;105369734	1	1.0	0.04	12	40186638	intron variant	G/A	snv		0.0484155	G/A		0.7	1.0	1	2014	2014
Parkinson Disease	C0030567	rs2074404	LRRC37A2;WNT3	474170;7473	4	0.925	0.12	17	46788073	intron variant	T/G	snv		0.269856	T/G		0.7	1.0	1	2011	2011
Parkinson Disease	C0030567	rs2102808	LOC107985959	107985959	1	1.0	0.04	2	168260515	intergenic variant	G/T	snv		0.153499	G/T		0.82	1.0	3	2011	2015
Parkinson Disease	C0030567	rs213462			1	1.0	0.04	X	83449447	intergenic variant	A/C	snv		0.501554	A/C		0.7	1.0	1	2006	2006
Parkinson Disease	C0030567	rs2179030	LOC105369302	105369302	1	1.0	0.04	21	15543792	intron variant	C/T	snv		0.494541	C/T		0.7	1.0	1	2011	2011
Parkinson Disease	C0030567	rs2197120	SNCA	6622	1	1.0	0.04	4	89808451	intron variant	A/G	snv		0.781244	A/G		0.7	1.0	2	2011	2012
Parkinson Disease	C0030567	rs2209440	SH3GL2	6456	1	1.0	0.04	9	17736344	intron variant	T/A;G	snv					0.7	1.0	1	2016	2016
Parkinson Disease	C0030567	rs2230288	GBA	2629	11	0.776	0.16	1	155236376	missense variant	C/T	snv	0.01046	0.0104319	C/T	C/T	0.79	1.0	1	2012	2019
Parkinson Disease	C0030567	rs2270968	MCCC1	56922	1	1.0	0.04	3	183037421	missense variant	T/A;G	snv	0.627971			T/G	0.7	1.0	1	2017	2017
Parkinson Disease	C0030567	rs2275336	CNKSR3	154043	1	1.0	0.04	6	154405854	3 prime UTR variant	G/A	snv		0.0630522	G/A		0.8	1.0	1	2012	2012
Parkinson Disease	C0030567	rs2280104	BIN3	55909	1	1.0	0.04	8	22668467	intron variant	T/A;C;G	snv		0.730158	T/C		0.72	1.0	1	2017	2019
Parkinson Disease	C0030567	rs2296887	GBF1	8729	1	1.0	0.04	10	102245653	5 prime UTR variant	T/C	snv		0.114038	T/C		0.7	1.0	1	2017	2017
Parkinson Disease	C0030567	rs2298728	SNCA	6622	1	1.0	0.04	4	89821664	intron variant	G/A;T	snv					0.7	1.0	1	2011	2011
Parkinson Disease	C0030567	rs2316765	MAPT-AS1;LINC02210-CRHR1;CRHR1	100128977;104909134;1394	1	1.0	0.04	17	45835088	3 prime UTR variant	T/C	snv		0.143357	T/C		0.7	1.0	1	2011	2011
Parkinson Disease	C0030567	rs2338971			1	1.0	0.04	1	101414449	intergenic variant	T/A;C	snv					0.81	1.0	1	2014	2016
Parkinson Disease	C0030567	rs2390669	STK39	27347	2	1.0	0.04	2	168235432	intron variant	A/C	snv		0.140289	A/C		0.7	1.0	1	2012	2012
Parkinson Disease	C0030567	rs2395163			3	0.882	0.16	6	32420032	intergenic variant	T/C	snv		0.172904	T/C		0.82	1.0	1	2012	2020
Parkinson Disease	C0030567	rs241039	LINC02210-CRHR1;LINC02210	104909134;147081	2	1.0	0.04	17	45637307	non coding transcript exon variant	A/G;T	snv					0.7	1.0	1	2012	2012
Parkinson Disease	C0030567	rs241041	LINC02210;LINC02210-CRHR1	147081;104909134	3	0.925	0.12	17	45636559	non coding transcript exon variant	A/C;G;T	snv		0.143451	A/G		0.7	1.0	1	2012	2012
Parkinson Disease	C0030567	rs2414739	LOC107984782	107984782	1	1.0	0.04	15	61701935	intron variant	G/A	snv		0.669252	G/A		0.71	1.0	2	2014	2017
Parkinson Disease	C0030567	rs2451078	TPTE2	93492	1	1.0	0.04	13	19524149	intron variant	G/C	snv		0.931469	G/C		0.7	1.0	1	2011	2011
Parkinson Disease	C0030567	rs2572323	SNCA;LOC105377329	6622;105377329	1	1.0	0.04	4	89713401	intron variant	A/G	snv		0.745036	A/G		0.7	1.0	1	2011	2011
Parkinson Disease	C0030567	rs2583988	SNCA-AS1;SNCA	644248;6622	1	0.925	0.08	4	89839677	non coding transcript exon variant	C/A;T	snv					0.72	1.0	1	2007	2012
Parkinson Disease	C0030567	rs2666781	DNAJC1	64215	1	1.0	0.04	10	21916747	intron variant	C/A	snv		0.579219	C/A		0.7	1.0	1	2006	2006
Parkinson Disease	C0030567	rs2668692	KANSL1	284058	3	1.0	0.04	17	46215654	intron variant	G/A;T	snv					0.7	1.0	3	2009	2012
Parkinson Disease	C0030567	rs2694528	NDUFAF2	91942	1	1.0	0.04	5	60978096	intron variant	C/A;T	snv					0.7	1.0	1	2017	2017
Parkinson Disease	C0030567	rs2708453	SLC2A13;LOC112268095	114134;112268095	1	1.0	0.04	12	40084850	intron variant	G/T	snv		0.120031	G/T		0.7	1.0	2	2012	2014
Parkinson Disease	C0030567	rs2736990	SNCA	6622	2	0.882	0.08	4	89757390	intron variant	G/A;T	snv					0.86	1.0	6	2009	2018
Parkinson Disease	C0030567	rs2737029	SNCA	6622	1	1.0	0.04	4	89790619	intron variant	T/C	snv		0.454047	T/C		0.72	1.0	2	2008	2018
Parkinson Disease	C0030567	rs2740594	CTSB	1508	1	1.0	0.04	8	11849665	intron variant	A/C;G	snv					0.7	1.0	1	2017	2017
Parkinson Disease	C0030567	rs2823357	LOC105369302	105369302	1	1.0	0.04	21	15542586	intron variant	G/A	snv		0.480443	G/A		0.81	0.5	1	2011	2019
Parkinson Disease	C0030567	rs2862909	TPTE2P6;LOC105370117	374491;105370117	1	1.0	0.04	13	24527029	intron variant	G/T	snv		0.627261	G/T		0.7	1.0	1	2006	2006
Parkinson Disease	C0030567	rs28903073	LRRK2	120892	1	1.0	0.04	12	40259708	intron variant	G/A	snv		0.00235948	G/A		0.8	1.0	2	2011	2016
Parkinson Disease	C0030567	rs2921073			1	1.0	0.04	8	8450133	intergenic variant	C/A;G;T	snv					0.7	1.0	1	2017	2017
Parkinson Disease	C0030567	rs2942168	LINC02210-CRHR1;LINC02210	104909134;147081	3	0.925	0.12	17	45637484	non coding transcript exon variant	G/A;C;T	snv		0.144232	G/A		0.82	1.0	3	2011	2014
Parkinson Disease	C0030567	rs3129882	HLA-DRA	3122	5	0.807	0.24	6	32441753	intron variant	G/A	snv		0.557065	G/A		0.9	0.818181818181818	2	2010	2015
Parkinson Disease	C0030567	rs3213710	BST1	683	1	1.0	0.04	4	15715698	intron variant	G/A	snv	0.517557	0.442532	G/A	G/A	0.7	1.0	1	2012	2012
Parkinson Disease	C0030567	rs329648			1	1.0	0.04	11	133895472	downstream gene variant	T/C	snv		0.551075	T/C		0.71	1.0	2	2014	2017
Parkinson Disease	C0030567	rs34016896	LOC105374187	105374187	1	0.925	0.08	3	161275076	regulatory region variant	C/T	snv		0.280143	C/T		0.71	0.5	1	2012	2015
Parkinson Disease	C0030567	rs34043159	MAP4K4	9448	1	1.0	0.04	2	101796654	intron variant	T/C	snv		0.275312	T/C		0.71	1.0	1	2017	2018
Parkinson Disease	C0030567	rs34311866	TMEM175	84286	4	0.882	0.08	4	958159	missense variant	T/C	snv	0.179525	0.138474	T/C	T/C	0.73	1.0	3	2014	2020
Parkinson Disease	C0030567	rs34372695	RAB25	57111	1	1.0	0.04	1	156060246	upstream gene variant	C/G;T	snv		0.0154734	C/T		0.81	1.0	2	2011	2012
Parkinson Disease	C0030567	rs344650	LHFPL2	10184	1	1.0	0.04	5	78564785	intron variant	A/G	snv		0.0105511	A/G		0.7	1.0	1	2016	2016
Parkinson Disease	C0030567	rs34637584	LRRK2	120892	3	0.583	0.48	12	40340400	missense variant	G/A	snv	0.000525574	0.00035625	G/A	G/A	0.9	0.996153846153846	2	2005	2020
Parkinson Disease	C0030567	rs34778348	LRRK2;LOC105369736	120892;105369736	2	0.742	0.12	12	40363526	missense variant	G/A	snv	0.00171098	0.000580647	G/A	G/A	0.9	0.924528301886792	1	2006	2019
Parkinson Disease	C0030567	rs353116	SCN2A	6326	1	1.0	0.04	2	165277122	intron variant	C/T	snv		0.392836	C/T		0.71	1.0	1	2017	2019
Parkinson Disease	C0030567	rs35541465	GAK	2580	1	1.0	0.04	4	879499	intron variant	TACT/-;TACTTACT	delins					0.7	1.0	1	2016	2016
Parkinson Disease	C0030567	rs356165	SNCA	6622	1	0.882	0.08	4	89725735	3 prime UTR variant	G/A	snv		0.53707	G/A		0.78	0.9	2	2007	2015
Parkinson Disease	C0030567	rs356168	SNCA	6622	1	1.0	0.04	4	89753280	intron variant	G/A	snv		0.445173	G/A		0.71	1.0	2	2010	2017
Parkinson Disease	C0030567	rs356169	LOC105377329;SNCA	105377329;6622	1	1.0	0.04	4	89711617	intron variant	G/T	snv		0.721678	G/T		0.7	1.0	1	2011	2011
Parkinson Disease	C0030567	rs356174	SNCA;LOC105377329	6622;105377329	1	1.0	0.04	4	89709750	intron variant	G/T	snv		0.721256	G/T		0.7	1.0	1	2011	2011
Parkinson Disease	C0030567	rs356180	SNCA;LOC105377329	6622;105377329	1	1.0	0.04	4	89706976	intron variant	A/G	snv		0.773939	A/G		0.7	1.0	1	2011	2011
Parkinson Disease	C0030567	rs356182	LOC105377329;SNCA	105377329;6622	1	0.882	0.08	4	89704960	intron variant	G/A	snv		0.653471	G/A		0.74	1.0	3	2014	2018
Parkinson Disease	C0030567	rs356188	SNCA	6622	1	1.0	0.04	4	89770386	intron variant	T/C	snv		0.211694	T/C		0.7	1.0	1	2012	2012
Parkinson Disease	C0030567	rs356200	SNCA	6622	1	0.882	0.16	4	89747463	intron variant	T/C	snv		0.440079	T/C		0.7	1.0	1	2011	2011
Parkinson Disease	C0030567	rs356203	SNCA	6622	1	1.0	0.04	4	89744890	intron variant	C/T	snv		0.537062	C/T		0.8	1.0	3	2011	2019
Parkinson Disease	C0030567	rs356204	SNCA	6622	1	1.0	0.04	4	89742391	intron variant	T/C	snv		0.440079	T/C		0.71	1.0	1	2008	2012
Parkinson Disease	C0030567	rs356219	LOC105377329;SNCA	105377329;6622	1	0.776	0.24	4	89716450	intron variant	G/A	snv		0.5427	G/A		0.9	1.0	4	2008	2019
Parkinson Disease	C0030567	rs356220	LOC105377329;SNCA	105377329;6622	1	0.925	0.08	4	89720189	intron variant	T/A;C	snv					0.85	1.0	7	2010	2016
Parkinson Disease	C0030567	rs356221	LOC105377329;SNCA	105377329;6622	1	1.0	0.04	4	89721313	intron variant	A/T	snv		0.439808	A/T		0.71	1.0	2	2011	2013
Parkinson Disease	C0030567	rs356229	LOC105377329	105377329	1	1.0	0.04	4	89685446	non coding transcript exon variant	C/A;T	snv					0.7	1.0	3	2009	2012
Parkinson Disease	C0030567	rs35749011			2	0.925	0.08	1	155162560	intergenic variant	G/A	snv		0.010865	G/A		0.7	1.0	2	2014	2017
Parkinson Disease	C0030567	rs365825	LINC02210;LINC02210-CRHR1	147081;104909134	1	1.0	0.04	17	45628235	intron variant	A/G	snv		0.288632	A/G		0.7	1.0	1	2016	2016
Parkinson Disease	C0030567	rs369100678	VPS13C	54832	2	0.925	0.04	15	61958608	missense variant	C/G	snv					0.7	1.0	1	2016	2016
Parkinson Disease	C0030567	rs370	EEF1DP3;FRY	196549;10129	1	1.0	0.04	13	31908207	intron variant	T/C	snv		0.933305	T/C		0.7	1.0	1	2012	2012
Parkinson Disease	C0030567	rs3772715	LAMP3	27074	1	1.0	0.04	3	183131776	intron variant	C/T	snv		0.760261	C/T		0.7	1.0	1	2011	2011
Parkinson Disease	C0030567	rs3775423	SNCA	6622	1	1.0	0.04	4	89736340	intron variant	C/T	snv		0.239769	C/T		0.7	1.0	1	2011	2011
Parkinson Disease	C0030567	rs3775439	SNCA	6622	1	1.0	0.04	4	89788590	intron variant	G/A	snv		0.249591	G/A		0.71	1.0	3	2009	2012
Parkinson Disease	C0030567	rs3775478	MMRN1	22915	1	1.0	0.04	4	89921689	intron variant	A/G	snv		0.144709	A/G		0.7	1.0	1	2012	2012
Parkinson Disease	C0030567	rs3784847	CDH8	1006	1	1.0	0.04	16	61943545	intron variant	A/G	snv		0.0952524	A/G		0.7	1.0	1	2011	2011
Parkinson Disease	C0030567	rs3793947	DLG2	1740	1	1.0	0.04	11	83833429	intron variant	G/A	snv		0.424298	G/A		0.7	1.0	2	2014	2017
Parkinson Disease	C0030567	rs3796661	SNCA	6622	1	1.0	0.04	4	89766356	intron variant	C/T	snv		0.0867056	C/T		0.7	1.0	1	2012	2012
Parkinson Disease	C0030567	rs3822086	SNCA	6622	1	1.0	0.04	4	89743643	intron variant	C/T	snv		0.239942	C/T		0.73	1.0	2	2011	2019
Parkinson Disease	C0030567	rs3857053	SNCA	6622	1	1.0	0.04	4	89724523	3 prime UTR variant	C/T	snv		0.235719	C/T		0.7	1.0	1	2011	2011
Parkinson Disease	C0030567	rs3857059	SNCA	6622	1	1.0	0.04	4	89754087	intron variant	A/G;T	snv					0.71	1.0	3	2009	2016
Parkinson Disease	C0030567	rs393152	LINC02210;LINC02210-CRHR1	147081;104909134	6	0.851	0.16	17	45641777	non coding transcript exon variant	A/G	snv	0.178989	0.288903	A/G	A/G	0.81	1.0	3	2009	2015
Parkinson Disease	C0030567	rs3935740	TMC3;TMC3-AS1	342125;101929655	1	1.0	0.04	15	81334384	intron variant	G/A	snv		0.218211	G/A		0.8	1.0	1	2013	2013
Parkinson Disease	C0030567	rs4073221	TBC1D5;LOC339862	9779;339862	1	1.0	0.04	3	18235996	intron variant	T/C;G	snv					0.7	1.0	1	2017	2017
Parkinson Disease	C0030567	rs4130047	RIT2	6014	1	0.925	0.08	18	43098270	intron variant	T/A;C	snv					0.8	1.0	2	2011	2016
Parkinson Disease	C0030567	rs415430	WNT3;LRRC37A2	7473;474170	3	1.0	0.04	17	46781778	intron variant	C/T	snv		0.83946	C/T		0.8	1.0	2	2011	2011
Parkinson Disease	C0030567	rs417968	LINC02210;LINC02210-CRHR1	147081;104909134	2	1.0	0.04	17	45651010	non coding transcript exon variant	G/A	snv		0.652161	G/A		0.7	1.0	5	2009	2014
Parkinson Disease	C0030567	rs4266290	BST1	683	1	1.0	0.04	4	15735495	intron variant	G/C	snv		0.33495	G/C		0.7	1.0	1	2016	2016
Parkinson Disease	C0030567	rs429358	APOE	348	29	0.59	0.6	19	44908684	missense variant	T/C	snv	0.138498	0.159604	T/C	T/C	0.71	1.0	1	2014	2019
Parkinson Disease	C0030567	rs4409766	BORCS7-ASMT;BORCS7	100528007;119032	6	1.0	0.04	10	102856906	intron variant	T/C	snv		0.14072	T/C		0.7	1.0	1	2009	2009
Parkinson Disease	C0030567	rs4482334	MAPT-AS1;CRHR1;LINC02210-CRHR1	100128977;1394;104909134	1	1.0	0.04	17	45835464	3 prime UTR variant	T/C	snv		0.143388	T/C		0.7	1.0	1	2011	2011
Parkinson Disease	C0030567	rs4525537	CRHR1;LINC02210-CRHR1;MAPT-AS1	1394;104909134;100128977	1	1.0	0.04	17	45835357	3 prime UTR variant	T/C	snv		0.143386	T/C		0.7	1.0	2	2011	2012
Parkinson Disease	C0030567	rs4538475	BST1	683	2	1.0	0.04	4	15736314	intron variant	A/G	snv		0.235571	A/G		0.81	1.0	2	2009	2012
Parkinson Disease	C0030567	rs4640231	LINC02210-CRHR1;MAPT-AS1;CRHR1	104909134;100128977;1394	2	1.0	0.04	17	45835420	3 prime UTR variant	G/A;C	snv		0.143347	G/C		0.7	1.0	1	2012	2012
Parkinson Disease	C0030567	rs4653767	ITPKB	3707	1	1.0	0.04	1	226728377	intron variant	T/C	snv		0.271022	T/C		0.7	1.0	1	2017	2017
Parkinson Disease	C0030567	rs4698412	BST1	683	1	1.0	0.04	4	15735725	intron variant	G/A;T	snv					0.85	1.0	2	2011	2019
Parkinson Disease	C0030567	rs4713118	LINC01012	100507173	1	1.0	0.04	6	27709015	non coding transcript exon variant	A/G	snv		0.304274	A/G		0.7	1.0	1	2016	2016
Parkinson Disease	C0030567	rs4746675	CTNNA3	29119	1	1.0	0.04	10	67192300	intron variant	C/A	snv		0.373799	C/A		0.7	1.0	1	2006	2006
Parkinson Disease	C0030567	rs4768212	LOC112268095;SLC2A13	112268095;114134	1	1.0	0.04	12	40080345	intron variant	C/T	snv		0.95074	C/T		0.7	1.0	2	2012	2014
Parkinson Disease	C0030567	rs4784227	CASC16	643714	4	0.807	0.16	16	52565276	intron variant	C/T	snv		0.196551	C/T		0.7	1.0	1	2017	2017
Parkinson Disease	C0030567	rs4792891	MAPT;MAPT-AS1;MAPT-IT1	4137;100128977;100130148	1	1.0	0.04	17	45896132	non coding transcript exon variant	T/G	snv		0.30195	T/G		0.7	1.0	1	2011	2011
Parkinson Disease	C0030567	rs482912	LAMP3	27074	1	1.0	0.04	3	183135882	missense variant	T/C	snv	0.649266	0.586021	T/C	T/C	0.7	1.0	1	2011	2011
Parkinson Disease	C0030567	rs4837628	BRINP1	1620	1	1.0	0.04	9	119297431	intron variant	T/C	snv		0.483189	T/C		0.8	1.0	1	2010	2010
Parkinson Disease	C0030567	rs4925114	RAI1	10743	4	0.925	0.08	17	17807956	intron variant	A/G	snv		0.533148	A/G		0.7	1.0	1	2011	2011
Parkinson Disease	C0030567	rs4964469	LOC100287944	100287944	1	1.0	0.04	12	106556209	intron variant	G/A	snv		0.455574	G/A		0.81	1.0	1	2011	2011
Parkinson Disease	C0030567	rs544161107	KANSL1	284058	2	1.0	0.04	17	46144969	intron variant	G/A	snv					0.7	1.0	1	2011	2011
Parkinson Disease	C0030567	rs546433642	KANSL1	284058	4	0.925	0.12	17	46172742	intron variant	T/C;G	snv					0.7	1.0	3	2009	2012
Parkinson Disease	C0030567	rs549599956	KANSL1	284058	4	0.925	0.12	17	46169798	intron variant	A/G	snv					0.7	1.0	3	2009	2012
Parkinson Disease	C0030567	rs557074	RREB1	6239	3	1.0	0.04	6	7144958	intron variant	T/G	snv		0.268727	T/G		0.7	1.0	1	2006	2006
Parkinson Disease	C0030567	rs591323	LOC105379297	105379297	1	1.0	0.04	8	16839582	intron variant	G/A;C	snv					0.73	1.0	2	2014	2018
Parkinson Disease	C0030567	rs601999			1	1.0	0.04	17	42546140	intron variant	T/C	snv		0.62901	T/C		0.71	1.0	1	2016	2019
Parkinson Disease	C0030567	rs62063857	STH;MAPT	246744;4137	2	0.882	0.12	17	45999299	missense variant	A/G	snv	0.144855	0.145233	A/G	A/G	0.73	0.75	1	2010	2017
Parkinson Disease	C0030567	rs62120679	TMPRSS9	360200	1	1.0	0.04	19	2363321	intron variant	C/G;T	snv					0.71	1.0	2	2014	2017
Parkinson Disease	C0030567	rs6416935			1	1.0	0.04	17	62107553	intergenic variant	G/T	snv		0.149808	G/T		0.7	1.0	1	2017	2017
Parkinson Disease	C0030567	rs6430538	CCNT2-AS1	100129961	1	0.925	0.08	2	134782397	intron variant	C/T	snv		0.615739	C/T		0.83	1.0	3	2012	2019
Parkinson Disease	C0030567	rs6460033	TYW1B	441250	1	1.0	0.04	7	72798898	intron variant	A/C	snv		0.688544	A/C		0.7	1.0	1	2006	2006
Parkinson Disease	C0030567	rs6465122	ZP3;SSC4D	7784;136853	1	1.0	0.04	7	76411547	intron variant	T/A;C;G	snv					0.7	1.0	1	2015	2015
Parkinson Disease	C0030567	rs6532194			1	1.0	0.04	4	89859751	intergenic variant	C/G;T	snv					0.8	1.0	1	2012	2012
Parkinson Disease	C0030567	rs6532197			1	1.0	0.04	4	89876150	upstream gene variant	A/G	snv		0.159235	A/G		0.8	1.0	2	2009	2012
Parkinson Disease	C0030567	rs6599388	TMEM175	84286	1	1.0	0.04	4	945299	intron variant	C/T	snv		0.275599	C/T		0.81	1.0	2	2011	2015
Parkinson Disease	C0030567	rs6599389	TMEM175	84286	1	1.0	0.04	4	945325	intron variant	G/A;T	snv					0.8	1.0	1	2011	2011
Parkinson Disease	C0030567	rs6710823	CCNT2-AS1	100129961	1	1.0	0.04	2	134834811	intron variant	G/A	snv		0.23376	G/A		0.8	1.0	2	2011	2012
Parkinson Disease	C0030567	rs67460515	SPTSSB	165679	1	1.0	0.04	3	161350778	intron variant	T/C	snv		0.315145	T/C		0.7	1.0	1	2017	2017
Parkinson Disease	C0030567	rs6757197			1	1.0	0.04	2	158866994	intron variant	G/C;T	snv					0.7	1.0	1	2006	2006
Parkinson Disease	C0030567	rs6783485	LOC105377110	105377110	1	0.925	0.04	3	59442071	intron variant	G/A	snv		0.0505386	G/A		0.7	1.0	1	2016	2016
Parkinson Disease	C0030567	rs6812193	FAM47E-STBD1;FAM47E;LOC105377286	100631383;100129583;105377286	1	0.882	0.08	4	76277833	intron variant	C/T	snv		0.379188	C/T		0.88	0.666666666666667	5	2009	2017
Parkinson Disease	C0030567	rs687432			1	1.0	0.04	11	57926788	intergenic variant	A/C;G	snv		0.636758	A/C		0.7	1.0	1	2016	2016
Parkinson Disease	C0030567	rs7077361	ITGA8	8516	1	1.0	0.04	10	15519544	intron variant	T/C	snv		0.105953	T/C		0.7	1.0	1	2012	2012
Parkinson Disease	C0030567	rs708730	SLC41A1	254428	1	1.0	0.04	1	205808652	intron variant	G/A	snv		0.655197	G/A		0.72	1.0	2	2011	2015
Parkinson Disease	C0030567	rs7118648	CCDC82	79780	1	1.0	0.04	11	96375264	intron variant	T/C;G	snv		0.0745431	T/C		0.8	1.0	1	2013	2013
Parkinson Disease	C0030567	rs7185232	RABEP2	79874	1	1.0	0.04	16	28922147	intron variant	C/T	snv		0.624949	C/T		0.7	1.0	1	2014	2014
Parkinson Disease	C0030567	rs7215239	LINC02210-CRHR1	104909134	3	1.0	0.04	17	45690407	intron variant	T/C	snv		0.301525	T/C		0.7	1.0	4	2011	2014
Parkinson Disease	C0030567	rs7224296	LRRC37A2;NSF	474170;4905	3	0.882	0.16	17	46722680	intron variant	G/A	snv		0.588727	G/A		0.7	1.0	3	2009	2012
Parkinson Disease	C0030567	rs7225002	KANSL1	284058	7	0.925	0.08	17	46111701	intron variant	A/G	snv		0.39318	A/G		0.7	1.0	3	2009	2012
Parkinson Disease	C0030567	rs7304279	LOC112268095;SLC2A13	112268095;114134	1	1.0	0.04	12	40072140	intron variant	T/A;C	snv					0.71	1.0	2	2011	2014
Parkinson Disease	C0030567	rs73656147	PLPPR1	54886	1	1.0	0.04	9	101115169	intron variant	A/G	snv		0.0733232	A/G		0.7	1.0	1	2018	2018
Parkinson Disease	C0030567	rs7479949	DLG2	1740	1	1.0	0.04	11	83792361	intron variant	T/C	snv		0.417566	T/C		0.7	1.0	1	2017	2017
Parkinson Disease	C0030567	rs7640612	MCCC1	56922	1	1.0	0.04	3	183025479	intron variant	C/A	snv		0.50058	C/A		0.7	1.0	1	2011	2011
Parkinson Disease	C0030567	rs7655536	LOC105377286;FAM47E-STBD1;FAM47E	105377286;100631383;100129583	1	1.0	0.04	4	76255615	intron variant	T/A;C	snv					0.7	1.0	1	2011	2011
Parkinson Disease	C0030567	rs7666265	FAM47E-STBD1;LOC105377286;FAM47E	100631383;105377286;100129583	1	1.0	0.04	4	76255128	intron variant	G/A;T	snv					0.7	1.0	1	2011	2011
Parkinson Disease	C0030567	rs767057	MAPT;LOC105371800	4137;105371800	3	0.925	0.12	17	45921456	intron variant	A/G	snv		0.143507	A/G		0.7	1.0	1	2011	2011
Parkinson Disease	C0030567	rs7684318	SNCA	6622	1	1.0	0.04	4	89733852	intron variant	T/C	snv		0.192217	T/C		0.73	1.0	1	2006	2012
Parkinson Disease	C0030567	rs76904798	LRRK2;LRRK2-DT	120892;107984474	1	0.925	0.08	12	40220632	intron variant	C/T	snv		0.125161	C/T		0.71	1.0	2	2014	2017
Parkinson Disease	C0030567	rs7846412	PIP4P2	55529	1	1.0	0.04	8	91032300	intron variant	A/G	snv		0.469464	A/G		0.7	1.0	1	2006	2006
Parkinson Disease	C0030567	rs78736162	MX2	4600	1	1.0	0.04	21	41368561	intron variant	A/G	snv		0.0350428	A/G		0.7	1.0	1	2015	2015
Parkinson Disease	C0030567	rs78738012	LOC105377374	105377374	1	1.0	0.04	4	113439216	intergenic variant	T/C	snv		0.0659689	T/C		0.7	1.0	1	2017	2017
Parkinson Disease	C0030567	rs79503702	KLHDC1	122773	1	1.0	0.04	14	49739452	intron variant	G/A;C	snv		0.00588515	G/A		0.7	1.0	1	2016	2016
Parkinson Disease	C0030567	rs8005172	GPR65	8477	1	1.0	0.04	14	88006268	intron variant	C/T	snv		0.408518	C/T		0.71	1.0	1	2017	2018
Parkinson Disease	C0030567	rs8017172			1	1.0	0.04	14	55732330	regulatory region variant	G/A	snv		0.546678	G/A		0.7	1.0	1	2017	2017
Parkinson Disease	C0030567	rs8070723	MAPT	4137	6	0.851	0.24	17	46003698	intron variant	A/G	snv		0.181287	A/G		0.8	1.0	5	2009	2014
Parkinson Disease	C0030567	rs8086137	DSCAS	101927698	1	1.0	0.04	18	31127452	intron variant	T/C	snv		0.0865311	T/C		0.7	1.0	1	2011	2011
Parkinson Disease	C0030567	rs8118008			1	1.0	0.04	20	3187520	downstream gene variant	A/G	snv		0.349745	A/G		0.71	1.0	1	2014	2018
Parkinson Disease	C0030567	rs816535			1	1.0	0.04	20	26275360	intergenic variant	C/T	snv		0.195161	C/T		0.7	1.0	1	2015	2015
Parkinson Disease	C0030567	rs8180209	SNCA	6622	1	1.0	0.04	4	89723303	intron variant	A/G	snv		0.23794	A/G		0.7	1.0	1	2017	2017
Parkinson Disease	C0030567	rs823118			2	0.925	0.08	1	205754444	upstream gene variant	C/A;T	snv					0.73	0.833333333333333	3	2014	2020
Parkinson Disease	C0030567	rs823122			1	1.0	0.04	1	205755900	intergenic variant	C/T	snv		0.828042	C/T		0.71	1.0	1	2011	2012
Parkinson Disease	C0030567	rs823128	NUCKS1	64710	1	1.0	0.04	1	205744250	intron variant	G/A	snv		0.878097	G/A		0.85	1.0	2	2009	2018
Parkinson Disease	C0030567	rs823156	SLC41A1	254428	1	1.0	0.04	1	205795512	non coding transcript exon variant	G/A	snv	0.772049	0.699055	G/A	G/A	0.85	1.0	2	2011	2019
Parkinson Disease	C0030567	rs849898	LOC107985355	107985355	1	0.925	0.04	1	227966216	intergenic variant	A/C;G	snv					0.7	1.0	1	2016	2016
Parkinson Disease	C0030567	rs850084	DPY19L2P3	442524	1	1.0	0.04	7	29731981	non coding transcript exon variant	A/C	snv		0.2742	A/C		0.7	1.0	1	2006	2006
Parkinson Disease	C0030567	rs869312809	VPS13C	54832	2	0.925	0.04	15	61915631	splice donor variant	A/C	snv					0.7	1.0	1	2016	2016
Parkinson Disease	C0030567	rs869312810	VPS13C	54832	2	0.925	0.04	15	61882652	stop gained	C/A	snv					0.7	1.0	1	2016	2016
Parkinson Disease	C0030567	rs869312811	VPS13C	54832	2	0.925	0.04	15	61947292	frameshift variant	G/-	delins					0.7	1.0	1	2016	2016
Parkinson Disease	C0030567	rs870575	LINC01121	400952	1	1.0	0.04	2	45276121	intron variant	G/A;C	snv					0.7	1.0	1	2010	2010
Parkinson Disease	C0030567	rs878886	CRHR1;MAPT-AS1;LINC02210-CRHR1	1394;100128977;104909134	2	0.925	0.08	17	45835124	3 prime UTR variant	C/G;T	snv					0.7	1.0	1	2012	2012
Parkinson Disease	C0030567	rs878887	MAPT-AS1;CRHR1;LINC02210-CRHR1	100128977;1394;104909134	2	1.0	0.04	17	45835216	3 prime UTR variant	C/T	snv		0.143449	C/T		0.7	1.0	2	2011	2012
Parkinson Disease	C0030567	rs878888	MAPT-AS1;CRHR1;LINC02210-CRHR1	100128977;1394;104909134	1	1.0	0.04	17	45835269	3 prime UTR variant	A/G	snv		0.143578	A/G		0.7	1.0	2	2011	2012
Parkinson Disease	C0030567	rs879253853	VPS13C	54832	1	1.0	0.04	15	62013057	frameshift variant	-/TCTG	ins					0.7	1.0	1	2016	2016
Parkinson Disease	C0030567	rs894278	SNCA	6622	1	0.882	0.08	4	89813384	intron variant	T/G	snv		0.14914	T/G		0.72	1.0	3	2009	2019
Parkinson Disease	C0030567	rs9275326			1	1.0	0.04	6	32698883	intergenic variant	C/T	snv		0.0909669	C/T		0.71	1.0	2	2014	2017
Parkinson Disease	C0030567	rs9323124	RPA2P1;MDGA2	326628;161357	1	0.925	0.04	14	46996974	non coding transcript exon variant	T/A	snv		0.226097	T/A		0.7	1.0	1	2016	2016
Parkinson Disease	C0030567	rs943437			1	1.0	0.04	6	111921050	regulatory region variant	A/G	snv		0.298039	A/G		0.7	1.0	1	2017	2017
Parkinson Disease	C0030567	rs9468199			1	1.0	0.04	6	27713436	downstream gene variant	G/A	snv		0.264667	G/A		0.72	1.0	1	2017	2018
Parkinson Disease	C0030567	rs947211	LOC105371702	105371702	2	0.925	0.04	1	205783537	non coding transcript exon variant	A/G	snv		0.639722	A/G		0.84	1.0	2	2009	2017
Parkinson Disease	C0030567	rs9516970	LOC105370324	105370324	1	1.0	0.04	13	97592635	intergenic variant	G/A	snv		0.561927	G/A		0.7	1.0	1	2017	2017
Parkinson Disease	C0030567	rs9568188	CAB39L	81617	1	1.0	0.04	13	49353596	intron variant	T/C	snv		0.378101	T/C		0.7	1.0	1	2017	2017
Parkinson Disease	C0030567	rs9822789	MCCC1	56922	1	1.0	0.04	3	183085086	intron variant	G/T	snv		0.168709	G/T		0.7	1.0	1	2011	2011
Parkinson Disease	C0030567	rs9841498			1	1.0	0.04	3	183009309	intergenic variant	C/T	snv		0.425825	C/T		0.7	1.0	1	2011	2011
Parkinson Disease	C0030567	rs9858038			1	1.0	0.04	3	183012503	upstream gene variant	G/A	snv		0.215028	G/A		0.7	1.0	1	2016	2016
Parkinson Disease	C0030567	rs9878775	DCUN1D1	54165	1	1.0	0.04	3	182942165	3 prime UTR variant	T/A;C	snv					0.7	1.0	1	2011	2011
Parkinson Disease	C0030567	rs9952724	CTIF	9811	1	1.0	0.04	18	48726444	intron variant	A/C;T	snv					0.7	1.0	1	2006	2006
Parkinson Disease	C0030567	rs997277			1	1.0	0.04	2	188886137	intergenic variant	A/G	snv		0.295484	A/G		0.7	1.0	1	2015	2015
