nes	chromosome	gencodeId	geneSymbol	geneSymbolUpper	pValue	datasetId	snpId	pos	tissueSiteDetailId	variantId
0.441594	chr20	ENSG00000125965.8	GDF5	GDF5	7.08074e-09	gtex_v8	rs6088792	35321981	Brain_Putamen_basal_ganglia	chr20_35321981_C_T_b38
0.396995	chr20	ENSG00000224497.1	RPL36P4	RPL36P4	1.99793e-05	gtex_v8	rs6088792	35321981	Brain_Putamen_basal_ganglia	chr20_35321981_C_T_b38
0.398398	chr20	ENSG00000224497.1	RPL36P4	RPL36P4	5.67633e-07	gtex_v8	rs6088792	35321981	Brain_Nucleus_accumbens_basal_ganglia	chr20_35321981_C_T_b38
0.351256	chr20	ENSG00000125965.8	GDF5	GDF5	8.48494e-05	gtex_v8	rs6088792	35321981	Brain_Cortex	chr20_35321981_C_T_b38
0.385995	chr20	ENSG00000224497.1	RPL36P4	RPL36P4	6.33235e-05	gtex_v8	rs6088792	35321981	Brain_Cortex	chr20_35321981_C_T_b38
-0.153191	chr20	ENSG00000101019.21	UQCC1	UQCC1	3.18308e-05	gtex_v8	rs6088792	35321981	Brain_Caudate_basal_ganglia	chr20_35321981_C_T_b38
0.337593	chr20	ENSG00000125965.8	GDF5	GDF5	6.7595e-05	gtex_v8	rs6088792	35321981	Brain_Caudate_basal_ganglia	chr20_35321981_C_T_b38
0.353293	chr20	ENSG00000224497.1	RPL36P4	RPL36P4	0.000115515	gtex_v8	rs6088792	35321981	Brain_Caudate_basal_ganglia	chr20_35321981_C_T_b38
-0.194282	chr20	ENSG00000101019.21	UQCC1	UQCC1	7.68357e-07	gtex_v8	rs6088792	35321981	Brain_Hippocampus	chr20_35321981_C_T_b38
0.516871	chr20	ENSG00000224497.1	RPL36P4	RPL36P4	1.4664e-05	gtex_v8	rs6088792	35321981	Brain_Spinal_cord_cervical_c-1	chr20_35321981_C_T_b38
0.205426	chr20	ENSG00000101460.12	MAP1LC3A	MAP1LC3A	2.94578e-05	gtex_v8	rs6088792	35321981	Brain_Cerebellar_Hemisphere	chr20_35321981_C_T_b38
0.3989	chr20	ENSG00000224497.1	RPL36P4	RPL36P4	0.000165826	gtex_v8	rs6088792	35321981	Brain_Cerebellar_Hemisphere	chr20_35321981_C_T_b38
0.365412	chr20	ENSG00000125965.8	GDF5	GDF5	2.77205e-05	gtex_v8	rs6088792	35321981	Brain_Frontal_Cortex_BA9	chr20_35321981_C_T_b38
0.261716	chr20	ENSG00000078814.15	MYH7B	MYH7B	0.000192945	gtex_v8	rs6088792	35321981	Brain_Cerebellum	chr20_35321981_C_T_b38
0.389298	chr20	ENSG00000224497.1	RPL36P4	RPL36P4	0.000194787	gtex_v8	rs6088792	35321981	Brain_Cerebellum	chr20_35321981_C_T_b38
nes	chromosome	gencodeId	geneSymbol	geneSymbolUpper	pValue	datasetId	snpId	pos	tissueSiteDetailId	variantId
nes	chromosome	gencodeId	geneSymbol	geneSymbolUpper	pValue	datasetId	snpId	pos	tissueSiteDetailId	variantId
nes	chromosome	gencodeId	geneSymbol	geneSymbolUpper	pValue	datasetId	snpId	pos	tissueSiteDetailId	variantId
0.313847	chr1	ENSG00000198860.11	TSEN15	TSEN15	5.59247e-06	gtex_v8	rs2274432	184051811	Brain_Amygdala	chr1_184051811_G_A_b38
0.321576	chr1	ENSG00000198860.11	TSEN15	TSEN15	6.25167e-09	gtex_v8	rs2274432	184051811	Brain_Nucleus_accumbens_basal_ganglia	chr1_184051811_G_A_b38
0.242691	chr1	ENSG00000198860.11	TSEN15	TSEN15	3.32397e-06	gtex_v8	rs2274432	184051811	Brain_Hypothalamus	chr1_184051811_G_A_b38
0.268706	chr1	ENSG00000198860.11	TSEN15	TSEN15	1.47372e-07	gtex_v8	rs2274432	184051811	Brain_Caudate_basal_ganglia	chr1_184051811_G_A_b38
0.196371	chr1	ENSG00000198860.11	TSEN15	TSEN15	2.59272e-06	gtex_v8	rs2274432	184051811	Brain_Hippocampus	chr1_184051811_G_A_b38
0.371088	chr1	ENSG00000198860.11	TSEN15	TSEN15	1.80129e-06	gtex_v8	rs2274432	184051811	Brain_Anterior_cingulate_cortex_BA24	chr1_184051811_G_A_b38
0.33216	chr1	ENSG00000198860.11	TSEN15	TSEN15	1.79498e-12	gtex_v8	rs2274432	184051811	Brain_Cerebellar_Hemisphere	chr1_184051811_G_A_b38
0.328428	chr1	ENSG00000198860.11	TSEN15	TSEN15	3.7204e-07	gtex_v8	rs2274432	184051811	Brain_Frontal_Cortex_BA9	chr1_184051811_G_A_b38
0.308787	chr1	ENSG00000198860.11	TSEN15	TSEN15	1.04085e-09	gtex_v8	rs2274432	184051811	Brain_Cerebellum	chr1_184051811_G_A_b38
nes	chromosome	gencodeId	geneSymbol	geneSymbolUpper	pValue	datasetId	snpId	pos	tissueSiteDetailId	variantId
0.251804	chr20	ENSG00000126005.16	MMP24-AS1	MMP24-AS1	8.08331e-05	gtex_v8	rs6088813	35387378	Brain_Putamen_basal_ganglia	chr20_35387378_C_A_b38
-0.421369	chr20	ENSG00000125965.8	GDF5	GDF5	6.46882e-09	gtex_v8	rs6088813	35387378	Brain_Putamen_basal_ganglia	chr20_35387378_C_A_b38
0.115083	chr20	ENSG00000101019.21	UQCC1	UQCC1	2.55499e-05	gtex_v8	rs6088813	35387378	Brain_Nucleus_accumbens_basal_ganglia	chr20_35387378_C_A_b38
-0.395947	chr20	ENSG00000224497.1	RPL36P4	RPL36P4	1.38185e-07	gtex_v8	rs6088813	35387378	Brain_Nucleus_accumbens_basal_ganglia	chr20_35387378_C_A_b38
-0.388221	chr20	ENSG00000125965.8	GDF5	GDF5	1.00965e-05	gtex_v8	rs6088813	35387378	Brain_Cortex	chr20_35387378_C_A_b38
0.173686	chr20	ENSG00000101019.21	UQCC1	UQCC1	2.06624e-07	gtex_v8	rs6088813	35387378	Brain_Caudate_basal_ganglia	chr20_35387378_C_A_b38
-0.126832	chr20	ENSG00000101460.12	MAP1LC3A	MAP1LC3A	2.22441e-05	gtex_v8	rs6088813	35387378	Brain_Hippocampus	chr20_35387378_C_A_b38
0.194796	chr20	ENSG00000101019.21	UQCC1	UQCC1	2.4148e-07	gtex_v8	rs6088813	35387378	Brain_Hippocampus	chr20_35387378_C_A_b38
-0.205882	chr20	ENSG00000100991.11	TRPC4AP	TRPC4AP	0.000165165	gtex_v8	rs6088813	35387378	Brain_Cerebellar_Hemisphere	chr20_35387378_C_A_b38
0.186333	chr20	ENSG00000214078.12	CPNE1	CPNE1	2.33499e-05	gtex_v8	rs6088813	35387378	Brain_Cerebellar_Hemisphere	chr20_35387378_C_A_b38
0.142126	chr20	ENSG00000101019.21	UQCC1	UQCC1	1.36634e-05	gtex_v8	rs6088813	35387378	Brain_Frontal_Cortex_BA9	chr20_35387378_C_A_b38
-0.354222	chr20	ENSG00000125965.8	GDF5	GDF5	2.51481e-05	gtex_v8	rs6088813	35387378	Brain_Frontal_Cortex_BA9	chr20_35387378_C_A_b38
0.190179	chr20	ENSG00000214078.12	CPNE1	CPNE1	5.02816e-05	gtex_v8	rs6088813	35387378	Brain_Cerebellum	chr20_35387378_C_A_b38
nes	chromosome	gencodeId	geneSymbol	geneSymbolUpper	pValue	datasetId	snpId	pos	tissueSiteDetailId	variantId
0.275993	chr1	ENSG00000198860.11	TSEN15	TSEN15	1.09698e-05	gtex_v8	rs756199	184033740	Brain_Hypothalamus	chr1_184033740_A_G_b38
0.281029	chr1	ENSG00000198860.11	TSEN15	TSEN15	6.65167e-06	gtex_v8	rs756199	184033740	Brain_Caudate_basal_ganglia	chr1_184033740_A_G_b38
0.205734	chr1	ENSG00000198860.11	TSEN15	TSEN15	1.93614e-05	gtex_v8	rs756199	184033740	Brain_Hippocampus	chr1_184033740_A_G_b38
0.364447	chr1	ENSG00000198860.11	TSEN15	TSEN15	4.65581e-11	gtex_v8	rs756199	184033740	Brain_Cerebellar_Hemisphere	chr1_184033740_A_G_b38
0.310424	chr1	ENSG00000198860.11	TSEN15	TSEN15	4.21033e-05	gtex_v8	rs756199	184033740	Brain_Frontal_Cortex_BA9	chr1_184033740_A_G_b38
0.339657	chr1	ENSG00000198860.11	TSEN15	TSEN15	1.09379e-09	gtex_v8	rs756199	184033740	Brain_Cerebellum	chr1_184033740_A_G_b38
nes	chromosome	gencodeId	geneSymbol	geneSymbolUpper	pValue	datasetId	snpId	pos	tissueSiteDetailId	variantId
0.316154	chr4	ENSG00000152785.6	BMP3	BMP3	6.87034e-05	gtex_v8	rs1458038	80243569	Brain_Cerebellum	chr4_80243569_C_T_b38
nes	chromosome	gencodeId	geneSymbol	geneSymbolUpper	pValue	datasetId	snpId	pos	tissueSiteDetailId	variantId
-0.305204	chr11	ENSG00000019144.18	PHLDB1	PHLDB1	7.51493e-06	gtex_v8	rs4639966	118702810	Brain_Cerebellum	chr11_118702810_T_C_b38
-0.24859	chr11	ENSG00000110367.11	DDX6	DDX6	6.01345e-06	gtex_v8	rs4639966	118702810	Brain_Cerebellum	chr11_118702810_T_C_b38
nes	chromosome	gencodeId	geneSymbol	geneSymbolUpper	pValue	datasetId	snpId	pos	tissueSiteDetailId	variantId
nes	chromosome	gencodeId	geneSymbol	geneSymbolUpper	pValue	datasetId	snpId	pos	tissueSiteDetailId	variantId
0.515497	chr10	ENSG00000225527.1	RP11-383B4.4	RP11-383B4.4	1.77234e-05	gtex_v8	rs7076247	18470700	Brain_Amygdala	chr10_18470700_T_C_b38
nes	chromosome	gencodeId	geneSymbol	geneSymbolUpper	pValue	datasetId	snpId	pos	tissueSiteDetailId	variantId
nes	chromosome	gencodeId	geneSymbol	geneSymbolUpper	pValue	datasetId	snpId	pos	tissueSiteDetailId	variantId
-0.333841	chr19	ENSG00000105341.18	ATP5SL	ATP5SL	1.01096e-06	gtex_v8	rs17318596	41431190	Brain_Putamen_basal_ganglia	chr19_41431190_G_A_b38
-0.502995	chr19	ENSG00000105341.18	ATP5SL	ATP5SL	1.84463e-13	gtex_v8	rs17318596	41431190	Brain_Nucleus_accumbens_basal_ganglia	chr19_41431190_G_A_b38
-0.28609	chr19	ENSG00000105341.18	ATP5SL	ATP5SL	6.59009e-08	gtex_v8	rs17318596	41431190	Brain_Cortex	chr19_41431190_G_A_b38
-0.252274	chr19	ENSG00000105341.18	ATP5SL	ATP5SL	1.783e-05	gtex_v8	rs17318596	41431190	Brain_Hypothalamus	chr19_41431190_G_A_b38
-0.309746	chr19	ENSG00000105341.18	ATP5SL	ATP5SL	1.94383e-09	gtex_v8	rs17318596	41431190	Brain_Caudate_basal_ganglia	chr19_41431190_G_A_b38
-0.270275	chr19	ENSG00000105341.18	ATP5SL	ATP5SL	1.31607e-05	gtex_v8	rs17318596	41431190	Brain_Anterior_cingulate_cortex_BA24	chr19_41431190_G_A_b38
0.280208	chr19	ENSG00000077348.8	EXOSC5	EXOSC5	1.16207e-07	gtex_v8	rs17318596	41431190	Brain_Cerebellar_Hemisphere	chr19_41431190_G_A_b38
0.686312	chr19	ENSG00000177191.2	B3GNT8	B3GNT8	4.09116e-12	gtex_v8	rs17318596	41431190	Brain_Cerebellar_Hemisphere	chr19_41431190_G_A_b38
-0.246201	chr19	ENSG00000105341.18	ATP5SL	ATP5SL	8.9897e-05	gtex_v8	rs17318596	41431190	Brain_Cerebellar_Hemisphere	chr19_41431190_G_A_b38
-0.34385	chr19	ENSG00000105341.18	ATP5SL	ATP5SL	7.93687e-09	gtex_v8	rs17318596	41431190	Brain_Frontal_Cortex_BA9	chr19_41431190_G_A_b38
0.323259	chr19	ENSG00000077348.8	EXOSC5	EXOSC5	4.09543e-08	gtex_v8	rs17318596	41431190	Brain_Cerebellum	chr19_41431190_G_A_b38
0.621794	chr19	ENSG00000177191.2	B3GNT8	B3GNT8	1.63616e-13	gtex_v8	rs17318596	41431190	Brain_Cerebellum	chr19_41431190_G_A_b38
-0.284807	chr19	ENSG00000105341.18	ATP5SL	ATP5SL	1.81449e-05	gtex_v8	rs17318596	41431190	Brain_Cerebellum	chr19_41431190_G_A_b38
nes	chromosome	gencodeId	geneSymbol	geneSymbolUpper	pValue	datasetId	snpId	pos	tissueSiteDetailId	variantId
nes	chromosome	gencodeId	geneSymbol	geneSymbolUpper	pValue	datasetId	snpId	pos	tissueSiteDetailId	variantId
nes	chromosome	gencodeId	geneSymbol	geneSymbolUpper	pValue	datasetId	snpId	pos	tissueSiteDetailId	variantId
nes	chromosome	gencodeId	geneSymbol	geneSymbolUpper	pValue	datasetId	snpId	pos	tissueSiteDetailId	variantId
nes	chromosome	gencodeId	geneSymbol	geneSymbolUpper	pValue	datasetId	snpId	pos	tissueSiteDetailId	variantId
nes	chromosome	gencodeId	geneSymbol	geneSymbolUpper	pValue	datasetId	snpId	pos	tissueSiteDetailId	variantId
0.357666	chr6	ENSG00000206341.7	HLA-H	HLA-H	0.000111168	gtex_v8	rs3893464	29967473	Brain_Putamen_basal_ganglia	chr6_29967473_G_A_b38
-0.431816	chr6	ENSG00000230795.3	HLA-K	HLA-K	2.68614e-05	gtex_v8	rs3893464	29967473	Brain_Putamen_basal_ganglia	chr6_29967473_G_A_b38
-0.245243	chr6	ENSG00000206503.12	HLA-A	HLA-A	6.93957e-07	gtex_v8	rs3893464	29967473	Brain_Putamen_basal_ganglia	chr6_29967473_G_A_b38
0.397334	chr6	ENSG00000237669.1	HCG4P3	HCG4P3	2.21371e-05	gtex_v8	rs3893464	29967473	Brain_Putamen_basal_ganglia	chr6_29967473_G_A_b38
-0.284155	chr6	ENSG00000204623.9	ZNRD1ASP	ZNRD1ASP	6.24481e-06	gtex_v8	rs3893464	29967473	Brain_Putamen_basal_ganglia	chr6_29967473_G_A_b38
-0.62231	chr6	ENSG00000230795.3	HLA-K	HLA-K	6.67144e-07	gtex_v8	rs3893464	29967473	Brain_Amygdala	chr6_29967473_G_A_b38
0.536784	chr6	ENSG00000237669.1	HCG4P3	HCG4P3	7.15288e-06	gtex_v8	rs3893464	29967473	Brain_Amygdala	chr6_29967473_G_A_b38
-0.628979	chr6	ENSG00000230795.3	HLA-K	HLA-K	9.27035e-07	gtex_v8	rs3893464	29967473	Brain_Substantia_nigra	chr6_29967473_G_A_b38
0.585726	chr6	ENSG00000235290.1	HLA-W	HLA-W	7.97675e-06	gtex_v8	rs3893464	29967473	Brain_Substantia_nigra	chr6_29967473_G_A_b38
0.375123	chr6	ENSG00000239257.1	RPL23AP1	RPL23AP1	2.10347e-05	gtex_v8	rs3893464	29967473	Brain_Nucleus_accumbens_basal_ganglia	chr6_29967473_G_A_b38
0.417814	chr6	ENSG00000181126.13	HLA-V	HLA-V	5.41366e-08	gtex_v8	rs3893464	29967473	Brain_Nucleus_accumbens_basal_ganglia	chr6_29967473_G_A_b38
-0.414828	chr6	ENSG00000230795.3	HLA-K	HLA-K	1.22454e-05	gtex_v8	rs3893464	29967473	Brain_Nucleus_accumbens_basal_ganglia	chr6_29967473_G_A_b38
0.373205	chr6	ENSG00000235290.1	HLA-W	HLA-W	4.28988e-05	gtex_v8	rs3893464	29967473	Brain_Nucleus_accumbens_basal_ganglia	chr6_29967473_G_A_b38
0.437318	chr6	ENSG00000237669.1	HCG4P3	HCG4P3	4.89035e-08	gtex_v8	rs3893464	29967473	Brain_Nucleus_accumbens_basal_ganglia	chr6_29967473_G_A_b38
-0.268367	chr6	ENSG00000204623.9	ZNRD1ASP	ZNRD1ASP	3.25957e-06	gtex_v8	rs3893464	29967473	Brain_Nucleus_accumbens_basal_ganglia	chr6_29967473_G_A_b38
-0.446962	chr6	ENSG00000230521.1	HCG4P7	HCG4P7	8.99512e-06	gtex_v8	rs3893464	29967473	Brain_Cortex	chr6_29967473_G_A_b38
-0.571913	chr6	ENSG00000230795.3	HLA-K	HLA-K	6.41876e-09	gtex_v8	rs3893464	29967473	Brain_Cortex	chr6_29967473_G_A_b38
0.442878	chr6	ENSG00000237669.1	HCG4P3	HCG4P3	3.72254e-06	gtex_v8	rs3893464	29967473	Brain_Cortex	chr6_29967473_G_A_b38
-0.275478	chr6	ENSG00000204623.9	ZNRD1ASP	ZNRD1ASP	6.18183e-06	gtex_v8	rs3893464	29967473	Brain_Cortex	chr6_29967473_G_A_b38
-0.483682	chr6	ENSG00000230795.3	HLA-K	HLA-K	1.67897e-05	gtex_v8	rs3893464	29967473	Brain_Hypothalamus	chr6_29967473_G_A_b38
-0.365184	chr6	ENSG00000235821.1	IFITM4P	IFITM4P	4.39772e-05	gtex_v8	rs3893464	29967473	Brain_Caudate_basal_ganglia	chr6_29967473_G_A_b38
0.381118	chr6	ENSG00000206341.7	HLA-H	HLA-H	1.22851e-06	gtex_v8	rs3893464	29967473	Brain_Caudate_basal_ganglia	chr6_29967473_G_A_b38
-0.559296	chr6	ENSG00000230795.3	HLA-K	HLA-K	1.71991e-08	gtex_v8	rs3893464	29967473	Brain_Caudate_basal_ganglia	chr6_29967473_G_A_b38
-0.250167	chr6	ENSG00000206503.12	HLA-A	HLA-A	1.88493e-07	gtex_v8	rs3893464	29967473	Brain_Caudate_basal_ganglia	chr6_29967473_G_A_b38
0.475363	chr6	ENSG00000237669.1	HCG4P3	HCG4P3	2.68002e-08	gtex_v8	rs3893464	29967473	Brain_Caudate_basal_ganglia	chr6_29967473_G_A_b38
-0.300328	chr6	ENSG00000204623.9	ZNRD1ASP	ZNRD1ASP	1.19287e-08	gtex_v8	rs3893464	29967473	Brain_Caudate_basal_ganglia	chr6_29967473_G_A_b38
-0.40593	chr6	ENSG00000230521.1	HCG4P7	HCG4P7	6.03478e-05	gtex_v8	rs3893464	29967473	Brain_Hippocampus	chr6_29967473_G_A_b38
-0.490657	chr6	ENSG00000230795.3	HLA-K	HLA-K	1.88992e-06	gtex_v8	rs3893464	29967473	Brain_Hippocampus	chr6_29967473_G_A_b38
-0.274781	chr6	ENSG00000206503.12	HLA-A	HLA-A	9.76306e-07	gtex_v8	rs3893464	29967473	Brain_Hippocampus	chr6_29967473_G_A_b38
-0.506489	chr6	ENSG00000235821.1	IFITM4P	IFITM4P	7.85867e-05	gtex_v8	rs3893464	29967473	Brain_Spinal_cord_cervical_c-1	chr6_29967473_G_A_b38
-0.571902	chr6	ENSG00000230795.3	HLA-K	HLA-K	6.24365e-07	gtex_v8	rs3893464	29967473	Brain_Anterior_cingulate_cortex_BA24	chr6_29967473_G_A_b38
-0.249037	chr6	ENSG00000206503.12	HLA-A	HLA-A	6.94524e-05	gtex_v8	rs3893464	29967473	Brain_Anterior_cingulate_cortex_BA24	chr6_29967473_G_A_b38
-0.407932	chr6	ENSG00000204642.13	HLA-F	HLA-F	6.35958e-07	gtex_v8	rs3893464	29967473	Brain_Cerebellar_Hemisphere	chr6_29967473_G_A_b38
-0.375199	chr6	ENSG00000239257.1	RPL23AP1	RPL23AP1	0.00014061	gtex_v8	rs3893464	29967473	Brain_Cerebellar_Hemisphere	chr6_29967473_G_A_b38
-0.511837	chr6	ENSG00000214922.9	HLA-F-AS1	HLA-F-AS1	1.27886e-06	gtex_v8	rs3893464	29967473	Brain_Cerebellar_Hemisphere	chr6_29967473_G_A_b38
-0.449433	chr6	ENSG00000235821.1	IFITM4P	IFITM4P	3.24491e-06	gtex_v8	rs3893464	29967473	Brain_Cerebellar_Hemisphere	chr6_29967473_G_A_b38
-0.538414	chr6	ENSG00000181126.13	HLA-V	HLA-V	1.9446e-07	gtex_v8	rs3893464	29967473	Brain_Cerebellar_Hemisphere	chr6_29967473_G_A_b38
-0.551028	chr6	ENSG00000176998.4	HCG4	HCG4	1.01113e-07	gtex_v8	rs3893464	29967473	Brain_Cerebellar_Hemisphere	chr6_29967473_G_A_b38
-0.424648	chr6	ENSG00000281831.1	HCP5B	HCP5B	5.39596e-05	gtex_v8	rs3893464	29967473	Brain_Cerebellar_Hemisphere	chr6_29967473_G_A_b38
-0.738814	chr6	ENSG00000230521.1	HCG4P7	HCG4P7	5.75214e-15	gtex_v8	rs3893464	29967473	Brain_Cerebellar_Hemisphere	chr6_29967473_G_A_b38
-0.408564	chr6	ENSG00000206341.7	HLA-H	HLA-H	0.000138426	gtex_v8	rs3893464	29967473	Brain_Cerebellar_Hemisphere	chr6_29967473_G_A_b38
-0.484996	chr6	ENSG00000231130.1	HLA-T	HLA-T	9.20136e-06	gtex_v8	rs3893464	29967473	Brain_Cerebellar_Hemisphere	chr6_29967473_G_A_b38
-0.444262	chr6	ENSG00000227262.3	HCG4B	HCG4B	3.47941e-06	gtex_v8	rs3893464	29967473	Brain_Cerebellar_Hemisphere	chr6_29967473_G_A_b38
-0.723165	chr6	ENSG00000230795.3	HLA-K	HLA-K	4.9283e-13	gtex_v8	rs3893464	29967473	Brain_Cerebellar_Hemisphere	chr6_29967473_G_A_b38
-0.508892	chr6	ENSG00000204622.11	HLA-J	HLA-J	2.06219e-07	gtex_v8	rs3893464	29967473	Brain_Cerebellar_Hemisphere	chr6_29967473_G_A_b38
-0.269108	chr6	ENSG00000204623.9	ZNRD1ASP	ZNRD1ASP	1.80913e-07	gtex_v8	rs3893464	29967473	Brain_Cerebellar_Hemisphere	chr6_29967473_G_A_b38
-0.516503	chr6	ENSG00000230795.3	HLA-K	HLA-K	1.28239e-06	gtex_v8	rs3893464	29967473	Brain_Frontal_Cortex_BA9	chr6_29967473_G_A_b38
0.431618	chr6	ENSG00000237669.1	HCG4P3	HCG4P3	1.89529e-05	gtex_v8	rs3893464	29967473	Brain_Frontal_Cortex_BA9	chr6_29967473_G_A_b38
-0.425175	chr6	ENSG00000204642.13	HLA-F	HLA-F	2.02492e-08	gtex_v8	rs3893464	29967473	Brain_Cerebellum	chr6_29967473_G_A_b38
-0.42043	chr6	ENSG00000273340.1	MICE	MICE	2.18199e-05	gtex_v8	rs3893464	29967473	Brain_Cerebellum	chr6_29967473_G_A_b38
-0.495443	chr6	ENSG00000214922.9	HLA-F-AS1	HLA-F-AS1	1.88984e-07	gtex_v8	rs3893464	29967473	Brain_Cerebellum	chr6_29967473_G_A_b38
-0.378316	chr6	ENSG00000181126.13	HLA-V	HLA-V	4.37169e-05	gtex_v8	rs3893464	29967473	Brain_Cerebellum	chr6_29967473_G_A_b38
-0.543302	chr6	ENSG00000176998.4	HCG4	HCG4	3.22395e-08	gtex_v8	rs3893464	29967473	Brain_Cerebellum	chr6_29967473_G_A_b38
-0.458067	chr6	ENSG00000281831.1	HCP5B	HCP5B	1.15259e-06	gtex_v8	rs3893464	29967473	Brain_Cerebellum	chr6_29967473_G_A_b38
-0.756443	chr6	ENSG00000230521.1	HCG4P7	HCG4P7	1.57856e-17	gtex_v8	rs3893464	29967473	Brain_Cerebellum	chr6_29967473_G_A_b38
-0.463642	chr6	ENSG00000206341.7	HLA-H	HLA-H	3.45803e-07	gtex_v8	rs3893464	29967473	Brain_Cerebellum	chr6_29967473_G_A_b38
-0.571147	chr6	ENSG00000231130.1	HLA-T	HLA-T	2.27583e-09	gtex_v8	rs3893464	29967473	Brain_Cerebellum	chr6_29967473_G_A_b38
-0.496147	chr6	ENSG00000227262.3	HCG4B	HCG4B	2.10569e-07	gtex_v8	rs3893464	29967473	Brain_Cerebellum	chr6_29967473_G_A_b38
-0.92329	chr6	ENSG00000230795.3	HLA-K	HLA-K	1.86402e-25	gtex_v8	rs3893464	29967473	Brain_Cerebellum	chr6_29967473_G_A_b38
-0.547121	chr6	ENSG00000204622.11	HLA-J	HLA-J	1.13967e-09	gtex_v8	rs3893464	29967473	Brain_Cerebellum	chr6_29967473_G_A_b38
-0.343897	chr6	ENSG00000204623.9	ZNRD1ASP	ZNRD1ASP	3.98427e-11	gtex_v8	rs3893464	29967473	Brain_Cerebellum	chr6_29967473_G_A_b38
nes	chromosome	gencodeId	geneSymbol	geneSymbolUpper	pValue	datasetId	snpId	pos	tissueSiteDetailId	variantId
nes	chromosome	gencodeId	geneSymbol	geneSymbolUpper	pValue	datasetId	snpId	pos	tissueSiteDetailId	variantId
0.195785	chr6	ENSG00000156639.11	ZFAND3	ZFAND3	1.59885e-05	gtex_v8	rs9470794	38139068	Brain_Cortex	chr6_38139068_T_C_b38
nes	chromosome	gencodeId	geneSymbol	geneSymbolUpper	pValue	datasetId	snpId	pos	tissueSiteDetailId	variantId
nes	chromosome	gencodeId	geneSymbol	geneSymbolUpper	pValue	datasetId	snpId	pos	tissueSiteDetailId	variantId
-0.388935	chr6	ENSG00000230314.6	ELOVL2-AS1	ELOVL2-AS1	4.20258e-07	gtex_v8	rs3734398	10982740	Brain_Putamen_basal_ganglia	chr6_10982740_T_C_b38
-0.463057	chr6	ENSG00000230314.6	ELOVL2-AS1	ELOVL2-AS1	1.26698e-07	gtex_v8	rs3734398	10982740	Brain_Amygdala	chr6_10982740_T_C_b38
-0.368042	chr6	ENSG00000230314.6	ELOVL2-AS1	ELOVL2-AS1	1.25882e-09	gtex_v8	rs3734398	10982740	Brain_Nucleus_accumbens_basal_ganglia	chr6_10982740_T_C_b38
-0.316144	chr6	ENSG00000230314.6	ELOVL2-AS1	ELOVL2-AS1	8.82865e-07	gtex_v8	rs3734398	10982740	Brain_Cortex	chr6_10982740_T_C_b38
0.151827	chr6	ENSG00000197977.3	ELOVL2	ELOVL2	1.46212e-06	gtex_v8	rs3734398	10982740	Brain_Cortex	chr6_10982740_T_C_b38
-0.403042	chr6	ENSG00000230314.6	ELOVL2-AS1	ELOVL2-AS1	1.36016e-07	gtex_v8	rs3734398	10982740	Brain_Hypothalamus	chr6_10982740_T_C_b38
-0.466802	chr6	ENSG00000230314.6	ELOVL2-AS1	ELOVL2-AS1	4.80517e-12	gtex_v8	rs3734398	10982740	Brain_Caudate_basal_ganglia	chr6_10982740_T_C_b38
0.21772	chr6	ENSG00000197977.3	ELOVL2	ELOVL2	1.68169e-07	gtex_v8	rs3734398	10982740	Brain_Caudate_basal_ganglia	chr6_10982740_T_C_b38
-0.35401	chr6	ENSG00000230314.6	ELOVL2-AS1	ELOVL2-AS1	1.39564e-06	gtex_v8	rs3734398	10982740	Brain_Hippocampus	chr6_10982740_T_C_b38
-0.554155	chr6	ENSG00000230314.6	ELOVL2-AS1	ELOVL2-AS1	5.34024e-10	gtex_v8	rs3734398	10982740	Brain_Spinal_cord_cervical_c-1	chr6_10982740_T_C_b38
-0.411998	chr6	ENSG00000230314.6	ELOVL2-AS1	ELOVL2-AS1	2.0341e-11	gtex_v8	rs3734398	10982740	Brain_Frontal_Cortex_BA9	chr6_10982740_T_C_b38
0.162311	chr6	ENSG00000197977.3	ELOVL2	ELOVL2	2.68188e-05	gtex_v8	rs3734398	10982740	Brain_Cerebellum	chr6_10982740_T_C_b38
nes	chromosome	gencodeId	geneSymbol	geneSymbolUpper	pValue	datasetId	snpId	pos	tissueSiteDetailId	variantId
1.01822	chr5	ENSG00000197083.11	ZNF300P1	ZNF300P1	8.54704e-11	gtex_v8	rs7714584	150890858	Brain_Putamen_basal_ganglia	chr5_150890858_A_G_b38
1.30597	chr5	ENSG00000197083.11	ZNF300P1	ZNF300P1	1.6959e-13	gtex_v8	rs7714584	150890858	Brain_Amygdala	chr5_150890858_A_G_b38
1.03517	chr5	ENSG00000197083.11	ZNF300P1	ZNF300P1	1.22017e-06	gtex_v8	rs7714584	150890858	Brain_Substantia_nigra	chr5_150890858_A_G_b38
1.11643	chr5	ENSG00000197083.11	ZNF300P1	ZNF300P1	2.47303e-14	gtex_v8	rs7714584	150890858	Brain_Nucleus_accumbens_basal_ganglia	chr5_150890858_A_G_b38
1.06417	chr5	ENSG00000197083.11	ZNF300P1	ZNF300P1	2.01903e-17	gtex_v8	rs7714584	150890858	Brain_Cortex	chr5_150890858_A_G_b38
1.17586	chr5	ENSG00000197083.11	ZNF300P1	ZNF300P1	2.99392e-13	gtex_v8	rs7714584	150890858	Brain_Hypothalamus	chr5_150890858_A_G_b38
1.14518	chr5	ENSG00000197083.11	ZNF300P1	ZNF300P1	1.29202e-14	gtex_v8	rs7714584	150890858	Brain_Caudate_basal_ganglia	chr5_150890858_A_G_b38
1.14659	chr5	ENSG00000197083.11	ZNF300P1	ZNF300P1	1.46411e-12	gtex_v8	rs7714584	150890858	Brain_Hippocampus	chr5_150890858_A_G_b38
0.93281	chr5	ENSG00000197083.11	ZNF300P1	ZNF300P1	1.75357e-05	gtex_v8	rs7714584	150890858	Brain_Spinal_cord_cervical_c-1	chr5_150890858_A_G_b38
1.28238	chr5	ENSG00000197083.11	ZNF300P1	ZNF300P1	8.14191e-16	gtex_v8	rs7714584	150890858	Brain_Anterior_cingulate_cortex_BA24	chr5_150890858_A_G_b38
1.41562	chr5	ENSG00000197083.11	ZNF300P1	ZNF300P1	1.2127e-24	gtex_v8	rs7714584	150890858	Brain_Cerebellar_Hemisphere	chr5_150890858_A_G_b38
0.963545	chr5	ENSG00000197083.11	ZNF300P1	ZNF300P1	4.63832e-12	gtex_v8	rs7714584	150890858	Brain_Frontal_Cortex_BA9	chr5_150890858_A_G_b38
1.37966	chr5	ENSG00000197083.11	ZNF300P1	ZNF300P1	1.73933e-26	gtex_v8	rs7714584	150890858	Brain_Cerebellum	chr5_150890858_A_G_b38
nes	chromosome	gencodeId	geneSymbol	geneSymbolUpper	pValue	datasetId	snpId	pos	tissueSiteDetailId	variantId
nes	chromosome	gencodeId	geneSymbol	geneSymbolUpper	pValue	datasetId	snpId	pos	tissueSiteDetailId	variantId
nes	chromosome	gencodeId	geneSymbol	geneSymbolUpper	pValue	datasetId	snpId	pos	tissueSiteDetailId	variantId
nes	chromosome	gencodeId	geneSymbol	geneSymbolUpper	pValue	datasetId	snpId	pos	tissueSiteDetailId	variantId
nes	chromosome	gencodeId	geneSymbol	geneSymbolUpper	pValue	datasetId	snpId	pos	tissueSiteDetailId	variantId
nes	chromosome	gencodeId	geneSymbol	geneSymbolUpper	pValue	datasetId	snpId	pos	tissueSiteDetailId	variantId
-0.185165	chr2	ENSG00000170035.15	UBE2E3	UBE2E3	6.17186e-05	gtex_v8	rs13010713	181131318	Brain_Cerebellum	chr2_181131318_A_G_b38
-0.330915	chr2	ENSG00000238171.1	AC068196.1	AC068196.1	0.000104692	gtex_v8	rs13010713	181131318	Brain_Cerebellum	chr2_181131318_A_G_b38
nes	chromosome	gencodeId	geneSymbol	geneSymbolUpper	pValue	datasetId	snpId	pos	tissueSiteDetailId	variantId
nes	chromosome	gencodeId	geneSymbol	geneSymbolUpper	pValue	datasetId	snpId	pos	tissueSiteDetailId	variantId
-0.702615	chr2	ENSG00000155749.12	ALS2CR12	ALS2CR12	2.0739399999999997e-20	gtex_v8	rs13016963	201298088	Brain_Putamen_basal_ganglia	chr2_201298088_A_G_b38
-0.408037	chr2	ENSG00000155749.12	ALS2CR12	ALS2CR12	5.28429e-07	gtex_v8	rs13016963	201298088	Brain_Amygdala	chr2_201298088_A_G_b38
-0.550429	chr2	ENSG00000155749.12	ALS2CR12	ALS2CR12	1.1852099999999999e-20	gtex_v8	rs13016963	201298088	Brain_Nucleus_accumbens_basal_ganglia	chr2_201298088_A_G_b38
-0.693952	chr2	ENSG00000064012.21	CASP8	CASP8	2.19523e-18	gtex_v8	rs13016963	201298088	Brain_Cortex	chr2_201298088_A_G_b38
-0.672444	chr2	ENSG00000155749.12	ALS2CR12	ALS2CR12	3.86452e-22	gtex_v8	rs13016963	201298088	Brain_Cortex	chr2_201298088_A_G_b38
-0.34161	chr2	ENSG00000155749.12	ALS2CR12	ALS2CR12	9.29695e-10	gtex_v8	rs13016963	201298088	Brain_Hypothalamus	chr2_201298088_A_G_b38
-0.440176	chr2	ENSG00000155749.12	ALS2CR12	ALS2CR12	2.6432899999999998e-20	gtex_v8	rs13016963	201298088	Brain_Caudate_basal_ganglia	chr2_201298088_A_G_b38
0.38035	chr2	ENSG00000138356.13	AOX1	AOX1	2.6082e-05	gtex_v8	rs13016963	201298088	Brain_Hippocampus	chr2_201298088_A_G_b38
-0.332084	chr2	ENSG00000155749.12	ALS2CR12	ALS2CR12	3.64737e-08	gtex_v8	rs13016963	201298088	Brain_Hippocampus	chr2_201298088_A_G_b38
-0.574487	chr2	ENSG00000064012.21	CASP8	CASP8	7.41412e-12	gtex_v8	rs13016963	201298088	Brain_Anterior_cingulate_cortex_BA24	chr2_201298088_A_G_b38
-0.611781	chr2	ENSG00000155749.12	ALS2CR12	ALS2CR12	9.67268e-13	gtex_v8	rs13016963	201298088	Brain_Anterior_cingulate_cortex_BA24	chr2_201298088_A_G_b38
-0.694632	chr2	ENSG00000064012.21	CASP8	CASP8	2.10996e-17	gtex_v8	rs13016963	201298088	Brain_Cerebellar_Hemisphere	chr2_201298088_A_G_b38
-0.564904	chr2	ENSG00000155749.12	ALS2CR12	ALS2CR12	4.80186e-13	gtex_v8	rs13016963	201298088	Brain_Cerebellar_Hemisphere	chr2_201298088_A_G_b38
-0.713625	chr2	ENSG00000064012.21	CASP8	CASP8	6.4869e-20	gtex_v8	rs13016963	201298088	Brain_Frontal_Cortex_BA9	chr2_201298088_A_G_b38
-0.694212	chr2	ENSG00000155749.12	ALS2CR12	ALS2CR12	2.05868e-17	gtex_v8	rs13016963	201298088	Brain_Frontal_Cortex_BA9	chr2_201298088_A_G_b38
-0.695105	chr2	ENSG00000064012.21	CASP8	CASP8	1.02872e-14	gtex_v8	rs13016963	201298088	Brain_Cerebellum	chr2_201298088_A_G_b38
-0.667418	chr2	ENSG00000155749.12	ALS2CR12	ALS2CR12	1.58077e-15	gtex_v8	rs13016963	201298088	Brain_Cerebellum	chr2_201298088_A_G_b38
nes	chromosome	gencodeId	geneSymbol	geneSymbolUpper	pValue	datasetId	snpId	pos	tissueSiteDetailId	variantId
nes	chromosome	gencodeId	geneSymbol	geneSymbolUpper	pValue	datasetId	snpId	pos	tissueSiteDetailId	variantId
nes	chromosome	gencodeId	geneSymbol	geneSymbolUpper	pValue	datasetId	snpId	pos	tissueSiteDetailId	variantId
-0.366783	chr2	ENSG00000138376.10	BARD1	BARD1	4.9644e-07	gtex_v8	rs3768716	214771070	Brain_Putamen_basal_ganglia	chr2_214771070_T_C_b38
-0.35453	chr2	ENSG00000138376.10	BARD1	BARD1	5.13918e-08	gtex_v8	rs3768716	214771070	Brain_Cortex	chr2_214771070_T_C_b38
-0.267825	chr2	ENSG00000138376.10	BARD1	BARD1	6.29487e-06	gtex_v8	rs3768716	214771070	Brain_Caudate_basal_ganglia	chr2_214771070_T_C_b38
-0.319868	chr2	ENSG00000138376.10	BARD1	BARD1	1.12992e-05	gtex_v8	rs3768716	214771070	Brain_Hippocampus	chr2_214771070_T_C_b38
-0.449571	chr2	ENSG00000138376.10	BARD1	BARD1	4.99492e-10	gtex_v8	rs3768716	214771070	Brain_Frontal_Cortex_BA9	chr2_214771070_T_C_b38
-0.3637	chr2	ENSG00000138376.10	BARD1	BARD1	2.05465e-07	gtex_v8	rs3768716	214771070	Brain_Cerebellum	chr2_214771070_T_C_b38
nes	chromosome	gencodeId	geneSymbol	geneSymbolUpper	pValue	datasetId	snpId	pos	tissueSiteDetailId	variantId
nes	chromosome	gencodeId	geneSymbol	geneSymbolUpper	pValue	datasetId	snpId	pos	tissueSiteDetailId	variantId
-0.430885	chr5	ENSG00000169194.9	IL13	IL13	7.61879e-05	gtex_v8	rs2244012	132565533	Brain_Cerebellar_Hemisphere	chr5_132565533_A_G_b38
nes	chromosome	gencodeId	geneSymbol	geneSymbolUpper	pValue	datasetId	snpId	pos	tissueSiteDetailId	variantId
nes	chromosome	gencodeId	geneSymbol	geneSymbolUpper	pValue	datasetId	snpId	pos	tissueSiteDetailId	variantId
nes	chromosome	gencodeId	geneSymbol	geneSymbolUpper	pValue	datasetId	snpId	pos	tissueSiteDetailId	variantId
nes	chromosome	gencodeId	geneSymbol	geneSymbolUpper	pValue	datasetId	snpId	pos	tissueSiteDetailId	variantId
nes	chromosome	gencodeId	geneSymbol	geneSymbolUpper	pValue	datasetId	snpId	pos	tissueSiteDetailId	variantId
nes	chromosome	gencodeId	geneSymbol	geneSymbolUpper	pValue	datasetId	snpId	pos	tissueSiteDetailId	variantId
nes	chromosome	gencodeId	geneSymbol	geneSymbolUpper	pValue	datasetId	snpId	pos	tissueSiteDetailId	variantId
-0.463421	chr6	ENSG00000239257.1	RPL23AP1	RPL23AP1	1.20702e-05	gtex_v8	rs2523395	29734733	Brain_Putamen_basal_ganglia	chr6_29734733_G_A_b38
0.610882	chr6	ENSG00000204622.11	HLA-J	HLA-J	3.77491e-10	gtex_v8	rs2523395	29734733	Brain_Putamen_basal_ganglia	chr6_29734733_G_A_b38
0.576657	chr6	ENSG00000204622.11	HLA-J	HLA-J	1.34841e-07	gtex_v8	rs2523395	29734733	Brain_Amygdala	chr6_29734733_G_A_b38
-0.25876	chr6	ENSG00000204642.13	HLA-F	HLA-F	8.33612e-08	gtex_v8	rs2523395	29734733	Brain_Nucleus_accumbens_basal_ganglia	chr6_29734733_G_A_b38
-0.562804	chr6	ENSG00000239257.1	RPL23AP1	RPL23AP1	2.08411e-10	gtex_v8	rs2523395	29734733	Brain_Nucleus_accumbens_basal_ganglia	chr6_29734733_G_A_b38
-0.37395	chr6	ENSG00000181126.13	HLA-V	HLA-V	3.66986e-06	gtex_v8	rs2523395	29734733	Brain_Nucleus_accumbens_basal_ganglia	chr6_29734733_G_A_b38
0.401842	chr6	ENSG00000204622.11	HLA-J	HLA-J	1.77612e-06	gtex_v8	rs2523395	29734733	Brain_Nucleus_accumbens_basal_ganglia	chr6_29734733_G_A_b38
-0.514574	chr6	ENSG00000237669.1	HCG4P3	HCG4P3	1.66137e-07	gtex_v8	rs2523395	29734733	Brain_Cortex	chr6_29734733_G_A_b38
-0.400382	chr6	ENSG00000239257.1	RPL23AP1	RPL23AP1	1.30552e-05	gtex_v8	rs2523395	29734733	Brain_Caudate_basal_ganglia	chr6_29734733_G_A_b38
0.395819	chr6	ENSG00000235821.1	IFITM4P	IFITM4P	3.39381e-05	gtex_v8	rs2523395	29734733	Brain_Caudate_basal_ganglia	chr6_29734733_G_A_b38
0.518879	chr6	ENSG00000204622.11	HLA-J	HLA-J	9.04813e-12	gtex_v8	rs2523395	29734733	Brain_Caudate_basal_ganglia	chr6_29734733_G_A_b38
0.550241	chr6	ENSG00000204622.11	HLA-J	HLA-J	1.73298e-07	gtex_v8	rs2523395	29734733	Brain_Hippocampus	chr6_29734733_G_A_b38
0.611432	chr6	ENSG00000235821.1	IFITM4P	IFITM4P	1.20598e-05	gtex_v8	rs2523395	29734733	Brain_Spinal_cord_cervical_c-1	chr6_29734733_G_A_b38
0.44633	chr6	ENSG00000176998.4	HCG4	HCG4	9.43255e-05	gtex_v8	rs2523395	29734733	Brain_Anterior_cingulate_cortex_BA24	chr6_29734733_G_A_b38
0.487209	chr6	ENSG00000204622.11	HLA-J	HLA-J	1.96182e-07	gtex_v8	rs2523395	29734733	Brain_Anterior_cingulate_cortex_BA24	chr6_29734733_G_A_b38
0.363527	chr6	ENSG00000204642.13	HLA-F	HLA-F	8.23247e-05	gtex_v8	rs2523395	29734733	Brain_Cerebellar_Hemisphere	chr6_29734733_G_A_b38
0.519835	chr6	ENSG00000181126.13	HLA-V	HLA-V	7.57327e-06	gtex_v8	rs2523395	29734733	Brain_Cerebellar_Hemisphere	chr6_29734733_G_A_b38
0.673481	chr6	ENSG00000176998.4	HCG4	HCG4	2.74139e-09	gtex_v8	rs2523395	29734733	Brain_Cerebellar_Hemisphere	chr6_29734733_G_A_b38
0.478894	chr6	ENSG00000233265.1	MICF	MICF	5.61358e-05	gtex_v8	rs2523395	29734733	Brain_Cerebellar_Hemisphere	chr6_29734733_G_A_b38
0.688079	chr6	ENSG00000281831.1	HCP5B	HCP5B	8.54994e-10	gtex_v8	rs2523395	29734733	Brain_Cerebellar_Hemisphere	chr6_29734733_G_A_b38
0.824286	chr6	ENSG00000230521.1	HCG4P7	HCG4P7	3.38188e-15	gtex_v8	rs2523395	29734733	Brain_Cerebellar_Hemisphere	chr6_29734733_G_A_b38
0.796055	chr6	ENSG00000206341.7	HLA-H	HLA-H	8.50388e-13	gtex_v8	rs2523395	29734733	Brain_Cerebellar_Hemisphere	chr6_29734733_G_A_b38
0.592745	chr6	ENSG00000231130.1	HLA-T	HLA-T	8.11873e-07	gtex_v8	rs2523395	29734733	Brain_Cerebellar_Hemisphere	chr6_29734733_G_A_b38
0.470594	chr6	ENSG00000227262.3	HCG4B	HCG4B	9.90667e-06	gtex_v8	rs2523395	29734733	Brain_Cerebellar_Hemisphere	chr6_29734733_G_A_b38
0.570244	chr6	ENSG00000230795.3	HLA-K	HLA-K	1.0045e-06	gtex_v8	rs2523395	29734733	Brain_Cerebellar_Hemisphere	chr6_29734733_G_A_b38
0.781088	chr6	ENSG00000204622.11	HLA-J	HLA-J	3.13539e-14	gtex_v8	rs2523395	29734733	Brain_Cerebellar_Hemisphere	chr6_29734733_G_A_b38
0.536312	chr6	ENSG00000176998.4	HCG4	HCG4	6.81777e-06	gtex_v8	rs2523395	29734733	Brain_Frontal_Cortex_BA9	chr6_29734733_G_A_b38
0.333963	chr6	ENSG00000204622.11	HLA-J	HLA-J	2.62632e-05	gtex_v8	rs2523395	29734733	Brain_Frontal_Cortex_BA9	chr6_29734733_G_A_b38
0.357845	chr6	ENSG00000204642.13	HLA-F	HLA-F	1.50246e-05	gtex_v8	rs2523395	29734733	Brain_Cerebellum	chr6_29734733_G_A_b38
0.455837	chr6	ENSG00000181126.13	HLA-V	HLA-V	3.65465e-06	gtex_v8	rs2523395	29734733	Brain_Cerebellum	chr6_29734733_G_A_b38
0.656989	chr6	ENSG00000176998.4	HCG4	HCG4	2.47717e-10	gtex_v8	rs2523395	29734733	Brain_Cerebellum	chr6_29734733_G_A_b38
0.390667	chr6	ENSG00000233265.1	MICF	MICF	0.000138285	gtex_v8	rs2523395	29734733	Brain_Cerebellum	chr6_29734733_G_A_b38
0.680732	chr6	ENSG00000281831.1	HCP5B	HCP5B	2.5918e-12	gtex_v8	rs2523395	29734733	Brain_Cerebellum	chr6_29734733_G_A_b38
0.851608	chr6	ENSG00000230521.1	HCG4P7	HCG4P7	1.09067e-19	gtex_v8	rs2523395	29734733	Brain_Cerebellum	chr6_29734733_G_A_b38
0.782561	chr6	ENSG00000206341.7	HLA-H	HLA-H	8.380660000000001e-18	gtex_v8	rs2523395	29734733	Brain_Cerebellum	chr6_29734733_G_A_b38
0.577513	chr6	ENSG00000231130.1	HLA-T	HLA-T	2.03711e-08	gtex_v8	rs2523395	29734733	Brain_Cerebellum	chr6_29734733_G_A_b38
0.44416	chr6	ENSG00000227262.3	HCG4B	HCG4B	1.83e-05	gtex_v8	rs2523395	29734733	Brain_Cerebellum	chr6_29734733_G_A_b38
0.642027	chr6	ENSG00000230795.3	HLA-K	HLA-K	8.26811e-10	gtex_v8	rs2523395	29734733	Brain_Cerebellum	chr6_29734733_G_A_b38
0.765769	chr6	ENSG00000204622.11	HLA-J	HLA-J	8.30646e-17	gtex_v8	rs2523395	29734733	Brain_Cerebellum	chr6_29734733_G_A_b38
0.247289	chr6	ENSG00000204623.9	ZNRD1ASP	ZNRD1ASP	1.90248e-05	gtex_v8	rs2523395	29734733	Brain_Cerebellum	chr6_29734733_G_A_b38
nes	chromosome	gencodeId	geneSymbol	geneSymbolUpper	pValue	datasetId	snpId	pos	tissueSiteDetailId	variantId
0.41388	chr6	ENSG00000196821.9	C6orf106	C6ORF106	4.16753e-07	gtex_v8	rs2814982	34578783	Brain_Putamen_basal_ganglia	chr6_34578783_C_T_b38
0.265945	chr6	ENSG00000196821.9	C6orf106	C6ORF106	5.96099e-05	gtex_v8	rs2814982	34578783	Brain_Nucleus_accumbens_basal_ganglia	chr6_34578783_C_T_b38
-0.359135	chr6	ENSG00000124562.9	SNRPC	SNRPC	3.10416e-05	gtex_v8	rs2814982	34578783	Brain_Nucleus_accumbens_basal_ganglia	chr6_34578783_C_T_b38
0.321639	chr6	ENSG00000196821.9	C6orf106	C6ORF106	6.85051e-10	gtex_v8	rs2814982	34578783	Brain_Cortex	chr6_34578783_C_T_b38
0.519085	chr6	ENSG00000065060.16	UHRF1BP1	UHRF1BP1	9.7679e-06	gtex_v8	rs2814982	34578783	Brain_Spinal_cord_cervical_c-1	chr6_34578783_C_T_b38
nes	chromosome	gencodeId	geneSymbol	geneSymbolUpper	pValue	datasetId	snpId	pos	tissueSiteDetailId	variantId
nes	chromosome	gencodeId	geneSymbol	geneSymbolUpper	pValue	datasetId	snpId	pos	tissueSiteDetailId	variantId
-0.159584	chr2	ENSG00000138442.9	WDR12	WDR12	7.87659e-05	gtex_v8	rs6725887	202881162	Brain_Nucleus_accumbens_basal_ganglia	chr2_202881162_T_C_b38
-0.243213	chr2	ENSG00000163596.16	ICA1L	ICA1L	4.58814e-06	gtex_v8	rs6725887	202881162	Brain_Cortex	chr2_202881162_T_C_b38
-0.241619	chr2	ENSG00000163596.16	ICA1L	ICA1L	1.6549e-06	gtex_v8	rs6725887	202881162	Brain_Frontal_Cortex_BA9	chr2_202881162_T_C_b38
nes	chromosome	gencodeId	geneSymbol	geneSymbolUpper	pValue	datasetId	snpId	pos	tissueSiteDetailId	variantId
nes	chromosome	gencodeId	geneSymbol	geneSymbolUpper	pValue	datasetId	snpId	pos	tissueSiteDetailId	variantId
-1.02292	chr3	ENSG00000188958.9	UTS2B	UTS2B	2.52254e-22	gtex_v8	rs10937470	191283019	Brain_Amygdala	chr3_191283019_C_T_b38
-0.674809	chr3	ENSG00000188958.9	UTS2B	UTS2B	2.22119e-09	gtex_v8	rs10937470	191283019	Brain_Anterior_cingulate_cortex_BA24	chr3_191283019_C_T_b38
nes	chromosome	gencodeId	geneSymbol	geneSymbolUpper	pValue	datasetId	snpId	pos	tissueSiteDetailId	variantId
nes	chromosome	gencodeId	geneSymbol	geneSymbolUpper	pValue	datasetId	snpId	pos	tissueSiteDetailId	variantId
nes	chromosome	gencodeId	geneSymbol	geneSymbolUpper	pValue	datasetId	snpId	pos	tissueSiteDetailId	variantId
0.336913	chr2	ENSG00000283031.1	RP11-557N21.1	RP11-557N21.1	6.32825e-06	gtex_v8	rs7561273	24024644	Brain_Cerebellar_Hemisphere	chr2_24024644_A_G_b38
0.309866	chr2	ENSG00000219626.8	FAM228B	FAM228B	5.06058e-06	gtex_v8	rs7561273	24024644	Brain_Cerebellar_Hemisphere	chr2_24024644_A_G_b38
0.427695	chr2	ENSG00000283031.1	RP11-557N21.1	RP11-557N21.1	3.7995e-08	gtex_v8	rs7561273	24024644	Brain_Cerebellum	chr2_24024644_A_G_b38
0.253989	chr2	ENSG00000219626.8	FAM228B	FAM228B	0.000103573	gtex_v8	rs7561273	24024644	Brain_Cerebellum	chr2_24024644_A_G_b38
nes	chromosome	gencodeId	geneSymbol	geneSymbolUpper	pValue	datasetId	snpId	pos	tissueSiteDetailId	variantId
nes	chromosome	gencodeId	geneSymbol	geneSymbolUpper	pValue	datasetId	snpId	pos	tissueSiteDetailId	variantId
nes	chromosome	gencodeId	geneSymbol	geneSymbolUpper	pValue	datasetId	snpId	pos	tissueSiteDetailId	variantId
-0.774703	chr6	ENSG00000204520.12	MICA	MICA	1.19385e-05	gtex_v8	rs9262632	31057031	Brain_Putamen_basal_ganglia	chr6_31057031_A_G_b38
-0.651203	chr6	ENSG00000204520.12	MICA	MICA	6.20306e-07	gtex_v8	rs9262632	31057031	Brain_Nucleus_accumbens_basal_ganglia	chr6_31057031_A_G_b38
-0.595669	chr6	ENSG00000204520.12	MICA	MICA	2.07996e-06	gtex_v8	rs9262632	31057031	Brain_Hypothalamus	chr6_31057031_A_G_b38
0.764688	chr6	ENSG00000243753.5	HLA-L	HLA-L	3.19811e-05	gtex_v8	rs9262632	31057031	Brain_Caudate_basal_ganglia	chr6_31057031_A_G_b38
-0.686431	chr6	ENSG00000204536.13	CCHCR1	CCHCR1	7.74593e-06	gtex_v8	rs9262632	31057031	Brain_Cerebellum	chr6_31057031_A_G_b38
nes	chromosome	gencodeId	geneSymbol	geneSymbolUpper	pValue	datasetId	snpId	pos	tissueSiteDetailId	variantId
nes	chromosome	gencodeId	geneSymbol	geneSymbolUpper	pValue	datasetId	snpId	pos	tissueSiteDetailId	variantId
0.369384	chr8	ENSG00000157110.15	RBPMS	RBPMS	4.00411e-06	gtex_v8	rs2978263	30641342	Brain_Cerebellum	chr8_30641342_T_C_b38
nes	chromosome	gencodeId	geneSymbol	geneSymbolUpper	pValue	datasetId	snpId	pos	tissueSiteDetailId	variantId
nes	chromosome	gencodeId	geneSymbol	geneSymbolUpper	pValue	datasetId	snpId	pos	tissueSiteDetailId	variantId
nes	chromosome	gencodeId	geneSymbol	geneSymbolUpper	pValue	datasetId	snpId	pos	tissueSiteDetailId	variantId
0.258196	chr5	ENSG00000073578.16	SDHA	SDHA	2.86598e-05	gtex_v8	rs12188164	428121	Brain_Putamen_basal_ganglia	chr5_428121_C_A_b38
0.404381	chr5	ENSG00000221990.4	EXOC3-AS1	EXOC3-AS1	4.6269e-06	gtex_v8	rs12188164	428121	Brain_Putamen_basal_ganglia	chr5_428121_C_A_b38
-0.376449	chr5	ENSG00000180104.15	EXOC3	EXOC3	1.31465e-07	gtex_v8	rs12188164	428121	Brain_Putamen_basal_ganglia	chr5_428121_C_A_b38
-0.557536	chr5	ENSG00000180104.15	EXOC3	EXOC3	2.1498e-07	gtex_v8	rs12188164	428121	Brain_Amygdala	chr5_428121_C_A_b38
-0.747507	chr5	ENSG00000180104.15	EXOC3	EXOC3	2.35386e-14	gtex_v8	rs12188164	428121	Brain_Substantia_nigra	chr5_428121_C_A_b38
0.421937	chr5	ENSG00000221990.4	EXOC3-AS1	EXOC3-AS1	6.47576e-09	gtex_v8	rs12188164	428121	Brain_Nucleus_accumbens_basal_ganglia	chr5_428121_C_A_b38
-0.295189	chr5	ENSG00000180104.15	EXOC3	EXOC3	4.99178e-05	gtex_v8	rs12188164	428121	Brain_Nucleus_accumbens_basal_ganglia	chr5_428121_C_A_b38
0.326565	chr5	ENSG00000221990.4	EXOC3-AS1	EXOC3-AS1	2.96429e-05	gtex_v8	rs12188164	428121	Brain_Cortex	chr5_428121_C_A_b38
-0.339648	chr5	ENSG00000180104.15	EXOC3	EXOC3	3.05137e-07	gtex_v8	rs12188164	428121	Brain_Cortex	chr5_428121_C_A_b38
0.288679	chr5	ENSG00000221990.4	EXOC3-AS1	EXOC3-AS1	1.97047e-05	gtex_v8	rs12188164	428121	Brain_Hypothalamus	chr5_428121_C_A_b38
-0.545655	chr5	ENSG00000180104.15	EXOC3	EXOC3	1.60999e-14	gtex_v8	rs12188164	428121	Brain_Hypothalamus	chr5_428121_C_A_b38
0.331058	chr5	ENSG00000221990.4	EXOC3-AS1	EXOC3-AS1	5.19417e-05	gtex_v8	rs12188164	428121	Brain_Caudate_basal_ganglia	chr5_428121_C_A_b38
-0.485669	chr5	ENSG00000180104.15	EXOC3	EXOC3	2.79581e-09	gtex_v8	rs12188164	428121	Brain_Hippocampus	chr5_428121_C_A_b38
0.451159	chr5	ENSG00000221990.4	EXOC3-AS1	EXOC3-AS1	7.93099e-07	gtex_v8	rs12188164	428121	Brain_Spinal_cord_cervical_c-1	chr5_428121_C_A_b38
-0.567855	chr5	ENSG00000180104.15	EXOC3	EXOC3	2.12062e-09	gtex_v8	rs12188164	428121	Brain_Spinal_cord_cervical_c-1	chr5_428121_C_A_b38
0.445268	chr5	ENSG00000221990.4	EXOC3-AS1	EXOC3-AS1	1.07488e-09	gtex_v8	rs12188164	428121	Brain_Anterior_cingulate_cortex_BA24	chr5_428121_C_A_b38
-0.63597	chr5	ENSG00000180104.15	EXOC3	EXOC3	3.25093e-11	gtex_v8	rs12188164	428121	Brain_Anterior_cingulate_cortex_BA24	chr5_428121_C_A_b38
-0.604727	chr5	ENSG00000180104.15	EXOC3	EXOC3	7.55851e-15	gtex_v8	rs12188164	428121	Brain_Cerebellar_Hemisphere	chr5_428121_C_A_b38
-0.517471	chr5	ENSG00000180104.15	EXOC3	EXOC3	2.56023e-11	gtex_v8	rs12188164	428121	Brain_Frontal_Cortex_BA9	chr5_428121_C_A_b38
-0.523155	chr5	ENSG00000180104.15	EXOC3	EXOC3	8.23564e-16	gtex_v8	rs12188164	428121	Brain_Cerebellum	chr5_428121_C_A_b38
nes	chromosome	gencodeId	geneSymbol	geneSymbolUpper	pValue	datasetId	snpId	pos	tissueSiteDetailId	variantId
0.541887	chr5	ENSG00000145901.14	TNIP1	TNIP1	4.57899e-05	gtex_v8	rs2233287	151060536	Brain_Cerebellum	chr5_151060536_G_A_b38
nes	chromosome	gencodeId	geneSymbol	geneSymbolUpper	pValue	datasetId	snpId	pos	tissueSiteDetailId	variantId
nes	chromosome	gencodeId	geneSymbol	geneSymbolUpper	pValue	datasetId	snpId	pos	tissueSiteDetailId	variantId
nes	chromosome	gencodeId	geneSymbol	geneSymbolUpper	pValue	datasetId	snpId	pos	tissueSiteDetailId	variantId
nes	chromosome	gencodeId	geneSymbol	geneSymbolUpper	pValue	datasetId	snpId	pos	tissueSiteDetailId	variantId
nes	chromosome	gencodeId	geneSymbol	geneSymbolUpper	pValue	datasetId	snpId	pos	tissueSiteDetailId	variantId
nes	chromosome	gencodeId	geneSymbol	geneSymbolUpper	pValue	datasetId	snpId	pos	tissueSiteDetailId	variantId
nes	chromosome	gencodeId	geneSymbol	geneSymbolUpper	pValue	datasetId	snpId	pos	tissueSiteDetailId	variantId
0.240744	chr17	ENSG00000108439.9	PNPO	PNPO	3.31892e-05	gtex_v8	rs2084881	48279758	Brain_Cortex	chr17_48279758_G_A_b38
0.173838	chr17	ENSG00000108439.9	PNPO	PNPO	0.000156885	gtex_v8	rs2084881	48279758	Brain_Cerebellar_Hemisphere	chr17_48279758_G_A_b38
-0.468809	chr17	ENSG00000230148.8	HOXB-AS1	HOXB-AS1	1.59419e-05	gtex_v8	rs2084881	48279758	Brain_Cerebellar_Hemisphere	chr17_48279758_G_A_b38
-0.486379	chr17	ENSG00000173917.10	HOXB2	HOXB2	5.29499e-06	gtex_v8	rs2084881	48279758	Brain_Cerebellar_Hemisphere	chr17_48279758_G_A_b38
-0.535085	chr17	ENSG00000120093.11	HOXB3	HOXB3	5.69691e-07	gtex_v8	rs2084881	48279758	Brain_Cerebellar_Hemisphere	chr17_48279758_G_A_b38
0.33728	chr17	ENSG00000108439.9	PNPO	PNPO	2.38079e-07	gtex_v8	rs2084881	48279758	Brain_Cerebellum	chr17_48279758_G_A_b38
-0.505649	chr17	ENSG00000230148.8	HOXB-AS1	HOXB-AS1	1.77078e-06	gtex_v8	rs2084881	48279758	Brain_Cerebellum	chr17_48279758_G_A_b38
-0.532144	chr17	ENSG00000173917.10	HOXB2	HOXB2	9.10577e-07	gtex_v8	rs2084881	48279758	Brain_Cerebellum	chr17_48279758_G_A_b38
-0.450818	chr17	ENSG00000120093.11	HOXB3	HOXB3	1.5509e-05	gtex_v8	rs2084881	48279758	Brain_Cerebellum	chr17_48279758_G_A_b38
nes	chromosome	gencodeId	geneSymbol	geneSymbolUpper	pValue	datasetId	snpId	pos	tissueSiteDetailId	variantId
nes	chromosome	gencodeId	geneSymbol	geneSymbolUpper	pValue	datasetId	snpId	pos	tissueSiteDetailId	variantId
nes	chromosome	gencodeId	geneSymbol	geneSymbolUpper	pValue	datasetId	snpId	pos	tissueSiteDetailId	variantId
nes	chromosome	gencodeId	geneSymbol	geneSymbolUpper	pValue	datasetId	snpId	pos	tissueSiteDetailId	variantId
nes	chromosome	gencodeId	geneSymbol	geneSymbolUpper	pValue	datasetId	snpId	pos	tissueSiteDetailId	variantId
nes	chromosome	gencodeId	geneSymbol	geneSymbolUpper	pValue	datasetId	snpId	pos	tissueSiteDetailId	variantId
nes	chromosome	gencodeId	geneSymbol	geneSymbolUpper	pValue	datasetId	snpId	pos	tissueSiteDetailId	variantId
-0.768467	chr12	ENSG00000135476.11	ESPL1	ESPL1	3.48013e-11	gtex_v8	rs2016266	53334171	Brain_Putamen_basal_ganglia	chr12_53334171_G_A_b38
0.339707	chr12	ENSG00000135390.17	ATP5G2	ATP5G2	2.799e-05	gtex_v8	rs2016266	53334171	Brain_Putamen_basal_ganglia	chr12_53334171_G_A_b38
-0.525458	chr12	ENSG00000135476.11	ESPL1	ESPL1	9.84175e-10	gtex_v8	rs2016266	53334171	Brain_Nucleus_accumbens_basal_ganglia	chr12_53334171_G_A_b38
0.188461	chr12	ENSG00000094914.12	AAAS	AAAS	4.51838e-05	gtex_v8	rs2016266	53334171	Brain_Cortex	chr12_53334171_G_A_b38
0.340705	chr12	ENSG00000135390.17	ATP5G2	ATP5G2	1.06295e-06	gtex_v8	rs2016266	53334171	Brain_Cortex	chr12_53334171_G_A_b38
-0.588341	chr12	ENSG00000135476.11	ESPL1	ESPL1	3.23736e-08	gtex_v8	rs2016266	53334171	Brain_Hypothalamus	chr12_53334171_G_A_b38
-0.794365	chr12	ENSG00000135476.11	ESPL1	ESPL1	2.55146e-14	gtex_v8	rs2016266	53334171	Brain_Caudate_basal_ganglia	chr12_53334171_G_A_b38
0.262102	chr12	ENSG00000135390.17	ATP5G2	ATP5G2	8.48392e-05	gtex_v8	rs2016266	53334171	Brain_Cerebellar_Hemisphere	chr12_53334171_G_A_b38
0.342932	chr12	ENSG00000135390.17	ATP5G2	ATP5G2	6.72421e-05	gtex_v8	rs2016266	53334171	Brain_Cerebellum	chr12_53334171_G_A_b38
nes	chromosome	gencodeId	geneSymbol	geneSymbolUpper	pValue	datasetId	snpId	pos	tissueSiteDetailId	variantId
nes	chromosome	gencodeId	geneSymbol	geneSymbolUpper	pValue	datasetId	snpId	pos	tissueSiteDetailId	variantId
nes	chromosome	gencodeId	geneSymbol	geneSymbolUpper	pValue	datasetId	snpId	pos	tissueSiteDetailId	variantId
nes	chromosome	gencodeId	geneSymbol	geneSymbolUpper	pValue	datasetId	snpId	pos	tissueSiteDetailId	variantId
nes	chromosome	gencodeId	geneSymbol	geneSymbolUpper	pValue	datasetId	snpId	pos	tissueSiteDetailId	variantId
nes	chromosome	gencodeId	geneSymbol	geneSymbolUpper	pValue	datasetId	snpId	pos	tissueSiteDetailId	variantId
-0.309339	chr6	ENSG00000187837.3	HIST1H1C	HIST1H1C	3.23334e-06	gtex_v8	rs11754288	25776721	Brain_Putamen_basal_ganglia	chr6_25776721_G_A_b38
-0.235973	chr6	ENSG00000187837.3	HIST1H1C	HIST1H1C	5.45925e-05	gtex_v8	rs11754288	25776721	Brain_Nucleus_accumbens_basal_ganglia	chr6_25776721_G_A_b38
-0.278933	chr6	ENSG00000187837.3	HIST1H1C	HIST1H1C	3.60017e-07	gtex_v8	rs11754288	25776721	Brain_Caudate_basal_ganglia	chr6_25776721_G_A_b38
0.406662	chr6	ENSG00000272462.2	U91328.19	U91328.19	8.08722e-06	gtex_v8	rs11754288	25776721	Brain_Cerebellar_Hemisphere	chr6_25776721_G_A_b38
nes	chromosome	gencodeId	geneSymbol	geneSymbolUpper	pValue	datasetId	snpId	pos	tissueSiteDetailId	variantId
nes	chromosome	gencodeId	geneSymbol	geneSymbolUpper	pValue	datasetId	snpId	pos	tissueSiteDetailId	variantId
nes	chromosome	gencodeId	geneSymbol	geneSymbolUpper	pValue	datasetId	snpId	pos	tissueSiteDetailId	variantId
nes	chromosome	gencodeId	geneSymbol	geneSymbolUpper	pValue	datasetId	snpId	pos	tissueSiteDetailId	variantId
0.200498	chr12	ENSG00000139531.12	SUOX	SUOX	1.56796e-05	gtex_v8	rs11171747	56124624	Brain_Putamen_basal_ganglia	chr12_56124624_T_G_b38
-0.571248	chr12	ENSG00000197728.9	RPS26	RPS26	5.30034e-08	gtex_v8	rs11171747	56124624	Brain_Putamen_basal_ganglia	chr12_56124624_T_G_b38
-0.577935	chr12	ENSG00000197728.9	RPS26	RPS26	9.41966e-08	gtex_v8	rs11171747	56124624	Brain_Amygdala	chr12_56124624_T_G_b38
-0.57704	chr12	ENSG00000197728.9	RPS26	RPS26	1.88623e-06	gtex_v8	rs11171747	56124624	Brain_Substantia_nigra	chr12_56124624_T_G_b38
-0.538013	chr12	ENSG00000197728.9	RPS26	RPS26	9.03262e-11	gtex_v8	rs11171747	56124624	Brain_Nucleus_accumbens_basal_ganglia	chr12_56124624_T_G_b38
-0.567119	chr12	ENSG00000197728.9	RPS26	RPS26	6.08815e-11	gtex_v8	rs11171747	56124624	Brain_Cortex	chr12_56124624_T_G_b38
-0.493873	chr12	ENSG00000197728.9	RPS26	RPS26	1.96283e-08	gtex_v8	rs11171747	56124624	Brain_Hypothalamus	chr12_56124624_T_G_b38
-0.465917	chr12	ENSG00000197728.9	RPS26	RPS26	5.94263e-08	gtex_v8	rs11171747	56124624	Brain_Caudate_basal_ganglia	chr12_56124624_T_G_b38
-0.549582	chr12	ENSG00000197728.9	RPS26	RPS26	7.69738e-09	gtex_v8	rs11171747	56124624	Brain_Hippocampus	chr12_56124624_T_G_b38
-0.583212	chr12	ENSG00000197728.9	RPS26	RPS26	1.21539e-05	gtex_v8	rs11171747	56124624	Brain_Spinal_cord_cervical_c-1	chr12_56124624_T_G_b38
0.297143	chr12	ENSG00000139531.12	SUOX	SUOX	2.32047e-05	gtex_v8	rs11171747	56124624	Brain_Cerebellar_Hemisphere	chr12_56124624_T_G_b38
-0.525523	chr12	ENSG00000197728.9	RPS26	RPS26	6.62392e-09	gtex_v8	rs11171747	56124624	Brain_Cerebellar_Hemisphere	chr12_56124624_T_G_b38
-0.507364	chr12	ENSG00000197728.9	RPS26	RPS26	2.28633e-08	gtex_v8	rs11171747	56124624	Brain_Frontal_Cortex_BA9	chr12_56124624_T_G_b38
0.311146	chr12	ENSG00000139531.12	SUOX	SUOX	1.70835e-06	gtex_v8	rs11171747	56124624	Brain_Cerebellum	chr12_56124624_T_G_b38
-0.592052	chr12	ENSG00000197728.9	RPS26	RPS26	2.12419e-11	gtex_v8	rs11171747	56124624	Brain_Cerebellum	chr12_56124624_T_G_b38
nes	chromosome	gencodeId	geneSymbol	geneSymbolUpper	pValue	datasetId	snpId	pos	tissueSiteDetailId	variantId
nes	chromosome	gencodeId	geneSymbol	geneSymbolUpper	pValue	datasetId	snpId	pos	tissueSiteDetailId	variantId
nes	chromosome	gencodeId	geneSymbol	geneSymbolUpper	pValue	datasetId	snpId	pos	tissueSiteDetailId	variantId
-0.282509	chr6	ENSG00000231389.7	HLA-DPA1	HLA-DPA1	3.04812e-06	gtex_v8	rs3077	33065245	Brain_Nucleus_accumbens_basal_ganglia	chr6_33065245_A_G_b38
-0.37046	chr6	ENSG00000231389.7	HLA-DPA1	HLA-DPA1	3.79076e-07	gtex_v8	rs3077	33065245	Brain_Cortex	chr6_33065245_A_G_b38
-0.242013	chr6	ENSG00000231389.7	HLA-DPA1	HLA-DPA1	6.72513e-06	gtex_v8	rs3077	33065245	Brain_Caudate_basal_ganglia	chr6_33065245_A_G_b38
0.54271	chr6	ENSG00000224557.7	HLA-DPB2	HLA-DPB2	5.31701e-06	gtex_v8	rs3077	33065245	Brain_Spinal_cord_cervical_c-1	chr6_33065245_A_G_b38
-0.836855	chr6	ENSG00000231389.7	HLA-DPA1	HLA-DPA1	2.28184e-16	gtex_v8	rs3077	33065245	Brain_Cerebellar_Hemisphere	chr6_33065245_A_G_b38
0.693318	chr6	ENSG00000231461.1	HLA-DPA2	HLA-DPA2	6.46622e-08	gtex_v8	rs3077	33065245	Brain_Cerebellar_Hemisphere	chr6_33065245_A_G_b38
-1.09416	chr6	ENSG00000231389.7	HLA-DPA1	HLA-DPA1	1.40984e-29	gtex_v8	rs3077	33065245	Brain_Cerebellum	chr6_33065245_A_G_b38
-0.378838	chr6	ENSG00000204248.10	COL11A2	COL11A2	1.74002e-05	gtex_v8	rs3077	33065245	Brain_Cerebellum	chr6_33065245_A_G_b38
-0.279375	chr6	ENSG00000204231.10	RXRB	RXRB	3.52321e-06	gtex_v8	rs3077	33065245	Brain_Cerebellum	chr6_33065245_A_G_b38
nes	chromosome	gencodeId	geneSymbol	geneSymbolUpper	pValue	datasetId	snpId	pos	tissueSiteDetailId	variantId
0.321723	chr6	ENSG00000187837.3	HIST1H1C	HIST1H1C	1.57147e-06	gtex_v8	rs1165196	25812922	Brain_Putamen_basal_ganglia	chr6_25812922_G_A_b38
0.229865	chr6	ENSG00000187837.3	HIST1H1C	HIST1H1C	8.92187e-05	gtex_v8	rs1165196	25812922	Brain_Nucleus_accumbens_basal_ganglia	chr6_25812922_G_A_b38
0.284279	chr6	ENSG00000187837.3	HIST1H1C	HIST1H1C	1.63809e-07	gtex_v8	rs1165196	25812922	Brain_Caudate_basal_ganglia	chr6_25812922_G_A_b38
-0.452139	chr6	ENSG00000272462.2	U91328.19	U91328.19	6.06314e-07	gtex_v8	rs1165196	25812922	Brain_Cerebellar_Hemisphere	chr6_25812922_G_A_b38
nes	chromosome	gencodeId	geneSymbol	geneSymbolUpper	pValue	datasetId	snpId	pos	tissueSiteDetailId	variantId
nes	chromosome	gencodeId	geneSymbol	geneSymbolUpper	pValue	datasetId	snpId	pos	tissueSiteDetailId	variantId
nes	chromosome	gencodeId	geneSymbol	geneSymbolUpper	pValue	datasetId	snpId	pos	tissueSiteDetailId	variantId
nes	chromosome	gencodeId	geneSymbol	geneSymbolUpper	pValue	datasetId	snpId	pos	tissueSiteDetailId	variantId
-0.554524	chr16	ENSG00000280152.1	RP11-331F4.5	RP11-331F4.5	4.25104e-05	gtex_v8	rs7202877	75213347	Brain_Putamen_basal_ganglia	chr16_75213347_T_G_b38
-0.603992	chr16	ENSG00000280152.1	RP11-331F4.5	RP11-331F4.5	5.30082e-06	gtex_v8	rs7202877	75213347	Brain_Substantia_nigra	chr16_75213347_T_G_b38
0.250093	chr16	ENSG00000050820.16	BCAR1	BCAR1	3.53658e-05	gtex_v8	rs7202877	75213347	Brain_Cortex	chr16_75213347_T_G_b38
-0.445523	chr16	ENSG00000280152.1	RP11-331F4.5	RP11-331F4.5	1.73905e-05	gtex_v8	rs7202877	75213347	Brain_Caudate_basal_ganglia	chr16_75213347_T_G_b38
0.3036	chr16	ENSG00000050820.16	BCAR1	BCAR1	7.28598e-06	gtex_v8	rs7202877	75213347	Brain_Caudate_basal_ganglia	chr16_75213347_T_G_b38
-0.705749	chr16	ENSG00000280152.1	RP11-331F4.5	RP11-331F4.5	1.40813e-07	gtex_v8	rs7202877	75213347	Brain_Anterior_cingulate_cortex_BA24	chr16_75213347_T_G_b38
-0.486727	chr16	ENSG00000280152.1	RP11-331F4.5	RP11-331F4.5	5.14775e-06	gtex_v8	rs7202877	75213347	Brain_Cerebellar_Hemisphere	chr16_75213347_T_G_b38
-0.45902	chr16	ENSG00000280152.1	RP11-331F4.5	RP11-331F4.5	1.77346e-05	gtex_v8	rs7202877	75213347	Brain_Frontal_Cortex_BA9	chr16_75213347_T_G_b38
nes	chromosome	gencodeId	geneSymbol	geneSymbolUpper	pValue	datasetId	snpId	pos	tissueSiteDetailId	variantId
nes	chromosome	gencodeId	geneSymbol	geneSymbolUpper	pValue	datasetId	snpId	pos	tissueSiteDetailId	variantId
nes	chromosome	gencodeId	geneSymbol	geneSymbolUpper	pValue	datasetId	snpId	pos	tissueSiteDetailId	variantId
nes	chromosome	gencodeId	geneSymbol	geneSymbolUpper	pValue	datasetId	snpId	pos	tissueSiteDetailId	variantId
nes	chromosome	gencodeId	geneSymbol	geneSymbolUpper	pValue	datasetId	snpId	pos	tissueSiteDetailId	variantId
nes	chromosome	gencodeId	geneSymbol	geneSymbolUpper	pValue	datasetId	snpId	pos	tissueSiteDetailId	variantId
-0.567988	chr22	ENSG00000100290.2	BIK	BIK	5.48154e-05	gtex_v8	rs742134	43122269	Brain_Cerebellum	chr22_43122269_A_G_b38
nes	chromosome	gencodeId	geneSymbol	geneSymbolUpper	pValue	datasetId	snpId	pos	tissueSiteDetailId	variantId
nes	chromosome	gencodeId	geneSymbol	geneSymbolUpper	pValue	datasetId	snpId	pos	tissueSiteDetailId	variantId
nes	chromosome	gencodeId	geneSymbol	geneSymbolUpper	pValue	datasetId	snpId	pos	tissueSiteDetailId	variantId
0.187333	chr14	ENSG00000131323.14	TRAF3	TRAF3	4.37209e-05	gtex_v8	rs10133111	102910984	Brain_Cortex	chr14_102910984_G_A_b38
0.336133	chr14	ENSG00000131323.14	TRAF3	TRAF3	7.59289e-07	gtex_v8	rs10133111	102910984	Brain_Hypothalamus	chr14_102910984_G_A_b38
nes	chromosome	gencodeId	geneSymbol	geneSymbolUpper	pValue	datasetId	snpId	pos	tissueSiteDetailId	variantId
-0.442327	chr1	ENSG00000226026.5	RP11-57H12.3	RP11-57H12.3	8.44551e-07	gtex_v8	rs1414896	95226754	Brain_Spinal_cord_cervical_c-1	chr1_95226754_G_A_b38
-0.380009	chr1	ENSG00000226026.5	RP11-57H12.3	RP11-57H12.3	5.16699e-05	gtex_v8	rs1414896	95226754	Brain_Cerebellum	chr1_95226754_G_A_b38
nes	chromosome	gencodeId	geneSymbol	geneSymbolUpper	pValue	datasetId	snpId	pos	tissueSiteDetailId	variantId
nes	chromosome	gencodeId	geneSymbol	geneSymbolUpper	pValue	datasetId	snpId	pos	tissueSiteDetailId	variantId
nes	chromosome	gencodeId	geneSymbol	geneSymbolUpper	pValue	datasetId	snpId	pos	tissueSiteDetailId	variantId
nes	chromosome	gencodeId	geneSymbol	geneSymbolUpper	pValue	datasetId	snpId	pos	tissueSiteDetailId	variantId
nes	chromosome	gencodeId	geneSymbol	geneSymbolUpper	pValue	datasetId	snpId	pos	tissueSiteDetailId	variantId
nes	chromosome	gencodeId	geneSymbol	geneSymbolUpper	pValue	datasetId	snpId	pos	tissueSiteDetailId	variantId
nes	chromosome	gencodeId	geneSymbol	geneSymbolUpper	pValue	datasetId	snpId	pos	tissueSiteDetailId	variantId
nes	chromosome	gencodeId	geneSymbol	geneSymbolUpper	pValue	datasetId	snpId	pos	tissueSiteDetailId	variantId
nes	chromosome	gencodeId	geneSymbol	geneSymbolUpper	pValue	datasetId	snpId	pos	tissueSiteDetailId	variantId
nes	chromosome	gencodeId	geneSymbol	geneSymbolUpper	pValue	datasetId	snpId	pos	tissueSiteDetailId	variantId
nes	chromosome	gencodeId	geneSymbol	geneSymbolUpper	pValue	datasetId	snpId	pos	tissueSiteDetailId	variantId
nes	chromosome	gencodeId	geneSymbol	geneSymbolUpper	pValue	datasetId	snpId	pos	tissueSiteDetailId	variantId
nes	chromosome	gencodeId	geneSymbol	geneSymbolUpper	pValue	datasetId	snpId	pos	tissueSiteDetailId	variantId
-0.243304	chr6	ENSG00000231389.7	HLA-DPA1	HLA-DPA1	1.95426e-05	gtex_v8	rs987870	33075103	Brain_Caudate_basal_ganglia	chr6_33075103_A_G_b38
-0.798454	chr6	ENSG00000231389.7	HLA-DPA1	HLA-DPA1	3.27497e-13	gtex_v8	rs987870	33075103	Brain_Cerebellar_Hemisphere	chr6_33075103_A_G_b38
0.734737	chr6	ENSG00000231461.1	HLA-DPA2	HLA-DPA2	4.56486e-08	gtex_v8	rs987870	33075103	Brain_Cerebellar_Hemisphere	chr6_33075103_A_G_b38
-0.479111	chr6	ENSG00000204248.10	COL11A2	COL11A2	9.68435e-06	gtex_v8	rs987870	33075103	Brain_Cerebellar_Hemisphere	chr6_33075103_A_G_b38
-1.0979	chr6	ENSG00000231389.7	HLA-DPA1	HLA-DPA1	5.756880000000001e-24	gtex_v8	rs987870	33075103	Brain_Cerebellum	chr6_33075103_A_G_b38
0.56106	chr6	ENSG00000231461.1	HLA-DPA2	HLA-DPA2	3.42246e-06	gtex_v8	rs987870	33075103	Brain_Cerebellum	chr6_33075103_A_G_b38
-0.43207	chr6	ENSG00000204248.10	COL11A2	COL11A2	5.9481e-06	gtex_v8	rs987870	33075103	Brain_Cerebellum	chr6_33075103_A_G_b38
-0.270478	chr6	ENSG00000204231.10	RXRB	RXRB	3.96273e-05	gtex_v8	rs987870	33075103	Brain_Cerebellum	chr6_33075103_A_G_b38
nes	chromosome	gencodeId	geneSymbol	geneSymbolUpper	pValue	datasetId	snpId	pos	tissueSiteDetailId	variantId
-0.271104	chr4	ENSG00000163319.10	MRPS18C	MRPS18C	1.37342e-05	gtex_v8	rs1494961	83453327	Brain_Cortex	chr4_83453327_C_T_b38
0.378435	chr4	ENSG00000213608.5	SLC25A14P1	SLC25A14P1	1.01034e-05	gtex_v8	rs1494961	83453327	Brain_Cortex	chr4_83453327_C_T_b38
0.449939	chr4	ENSG00000213608.5	SLC25A14P1	SLC25A14P1	9.96471e-06	gtex_v8	rs1494961	83453327	Brain_Anterior_cingulate_cortex_BA24	chr4_83453327_C_T_b38
0.560196	chr4	ENSG00000213608.5	SLC25A14P1	SLC25A14P1	1.91856e-09	gtex_v8	rs1494961	83453327	Brain_Cerebellar_Hemisphere	chr4_83453327_C_T_b38
0.52814	chr4	ENSG00000213608.5	SLC25A14P1	SLC25A14P1	3.09213e-08	gtex_v8	rs1494961	83453327	Brain_Frontal_Cortex_BA9	chr4_83453327_C_T_b38
0.491144	chr4	ENSG00000213608.5	SLC25A14P1	SLC25A14P1	3.58733e-07	gtex_v8	rs1494961	83453327	Brain_Cerebellum	chr4_83453327_C_T_b38
nes	chromosome	gencodeId	geneSymbol	geneSymbolUpper	pValue	datasetId	snpId	pos	tissueSiteDetailId	variantId
nes	chromosome	gencodeId	geneSymbol	geneSymbolUpper	pValue	datasetId	snpId	pos	tissueSiteDetailId	variantId
nes	chromosome	gencodeId	geneSymbol	geneSymbolUpper	pValue	datasetId	snpId	pos	tissueSiteDetailId	variantId
nes	chromosome	gencodeId	geneSymbol	geneSymbolUpper	pValue	datasetId	snpId	pos	tissueSiteDetailId	variantId
nes	chromosome	gencodeId	geneSymbol	geneSymbolUpper	pValue	datasetId	snpId	pos	tissueSiteDetailId	variantId
0.495147	chr19	ENSG00000130270.16	ATP8B3	ATP8B3	4.40462e-07	gtex_v8	rs7250872	1811604	Brain_Putamen_basal_ganglia	chr19_1811604_C_T_b38
0.372614	chr19	ENSG00000130270.16	ATP8B3	ATP8B3	4.87049e-06	gtex_v8	rs7250872	1811604	Brain_Nucleus_accumbens_basal_ganglia	chr19_1811604_C_T_b38
0.46051	chr19	ENSG00000130270.16	ATP8B3	ATP8B3	8.5565e-07	gtex_v8	rs7250872	1811604	Brain_Cortex	chr19_1811604_C_T_b38
0.510876	chr19	ENSG00000130270.16	ATP8B3	ATP8B3	1.16809e-08	gtex_v8	rs7250872	1811604	Brain_Caudate_basal_ganglia	chr19_1811604_C_T_b38
